Scenario,Age0,Age1,Arm,Year0,dN0_A,dN0_M,dN0_L,dN0_U,dYear_Life_A,dYear_Life_M,dYear_Life_L,dYear_Life_U,dYear_Immunised_A,dYear_Immunised_M,dYear_Immunised_L,dYear_Immunised_U,dRisk_HZ_A,dRisk_HZ_M,dRisk_HZ_L,dRisk_HZ_U,dRisk_Hosp_A,dRisk_Hosp_M,dRisk_Hosp_L,dRisk_Hosp_U,dRisk_PHN_A,dRisk_PHN_M,dRisk_PHN_L,dRisk_PHN_U,dRisk_Death_A,dRisk_Death_M,dRisk_Death_L,dRisk_Death_U,dQ_Life_A,dQ_Life_M,dQ_Life_L,dQ_Life_U,dQ_HZ_A,dQ_HZ_M,dQ_HZ_L,dQ_HZ_U,dQ_HZ_Norm_A,dQ_HZ_Norm_M,dQ_HZ_Norm_L,dQ_HZ_Norm_U,dQ_All_A,dQ_All_M,dQ_All_L,dQ_All_U,dQ_HZ_d_A,dQ_HZ_d_M,dQ_HZ_d_L,dQ_HZ_d_U,dQ_HZ_Norm_d_A,dQ_HZ_Norm_d_M,dQ_HZ_Norm_d_L,dQ_HZ_Norm_d_U,dQ_Life_d_A,dQ_Life_d_M,dQ_Life_d_L,dQ_Life_d_U,dQ_All_d_A,dQ_All_d_M,dQ_All_d_L,dQ_All_d_U,dC_Hosp_A,dC_Hosp_M,dC_Hosp_L,dC_Hosp_U,dC_GP_NonPHN_A,dC_GP_NonPHN_M,dC_GP_NonPHN_L,dC_GP_NonPHN_U,dC_GP_PHN_A,dC_GP_PHN_M,dC_GP_PHN_L,dC_GP_PHN_U,dC_GP_A,dC_GP_M,dC_GP_L,dC_GP_U,dC_Med_A,dC_Med_M,dC_Med_L,dC_Med_U,dC_VacZVL_A,dC_VacZVL_M,dC_VacZVL_L,dC_VacZVL_U,dC_VacRZV_A,dC_VacRZV_M,dC_VacRZV_L,dC_VacRZV_U,dC_Vac_A,dC_Vac_M,dC_Vac_L,dC_Vac_U,dC_All_A,dC_All_M,dC_All_L,dC_All_U,dC_Hosp_d_A,dC_Hosp_d_M,dC_Hosp_d_L,dC_Hosp_d_U,dC_GP_NonPHN_d_A,dC_GP_NonPHN_d_M,dC_GP_NonPHN_d_L,dC_GP_NonPHN_d_U,dC_GP_PHN_d_A,dC_GP_PHN_d_M,dC_GP_PHN_d_L,dC_GP_PHN_d_U,dC_GP_d_A,dC_GP_d_M,dC_GP_d_L,dC_GP_d_U,dC_Med_d_A,dC_Med_d_M,dC_Med_d_L,dC_Med_d_U,dC_VacZVL_d_A,dC_VacZVL_d_M,dC_VacZVL_d_L,dC_VacZVL_d_U,dC_VacRZV_d_A,dC_VacRZV_d_M,dC_VacRZV_d_L,dC_VacRZV_d_U,dC_Vac_d_A,dC_Vac_d_M,dC_Vac_d_L,dC_Vac_d_U,dC_All_d_A,dC_All_d_M,dC_All_d_L,dC_All_d_U,dN_VacZVL_A,dN_VacZVL_M,dN_VacZVL_L,dN_VacZVL_U,dN_VacRZV_A,dN_VacRZV_M,dN_VacRZV_L,dN_VacRZV_U,dN_VacZVL_d_A,dN_VacZVL_d_M,dN_VacZVL_d_L,dN_VacZVL_d_U,dN_VacRZV_d_A,dN_VacRZV_d_M,dN_VacRZV_d_L,dN_VacRZV_d_U,ICER_A,ICER_M,ICER_L,ICER_U,Price0_A,Price0_M,Price0_L,Price0_U,Thres20_A,Thres20_M,Thres20_L,Thres20_U,Thres30_A,Thres30_M,Thres30_L,Thres30_U,ThresNorm20_A,ThresNorm20_M,ThresNorm20_L,ThresNorm20_U,ThresNorm30_A,ThresNorm30_M,ThresNorm30_L,ThresNorm30_U,Thres20_50,Thres30_90,ThresNorm20_50,ThresNorm30_90,Thres,ThresNorm
"Second_[80,85)",70,"[80,85)",ReVac_RZV_1d,2024,0,0,0,0,2.889787885386834e-4,2.8987988845008417e-4,1.9235133950539217e-4,3.799924777053265e-4,3.2881698479060293,3.309159352233646,2.2608004732263054,4.189264320001336,-0.043663979938753095,-0.043886345836783996,-0.05531453999191419,-0.030441482722724254,-0.003111242090996773,-0.0031101619000527417,-0.0042976152058373605,-0.0019855865684693394,-0.003937788553679944,-0.003956397933975403,-0.005057717226813192,-0.0027184682793678595,-7.763942039689357e-7,-7.794748198948553e-7,-1.0553139899503738e-6,-4.735660450156031e-7,395.3425008070357,397.3214817531407,264.01958317873067,516.0435685505624,10113.558244272699,9910.617090192161,4915.134504589644,15997.333546911628,3295.9560243382243,3035.0639867323325,1081.2847158322186,6824.429759062217,10500.856913797417,10287.885758245364,5249.883666162752,16457.455945286154,8671.591129775477,8517.535620208375,4267.473284737601,13784.710039325199,2850.0194834335675,2627.0948077318526,947.200591707307,5937.768176848422,283.62794575103374,285.25506571214646,191.004140151944,365.6054682390531,8955.219075526511,8776.4625648465,4485.6333349853285,14100.504489363542,-19862989.237819158,-19864506.205874287,-27531465.767755285,-12651349.943676302,-5419361.136558103,-5459898.6023877235,-6855705.8261811845,-3756982.5205342555,-2413952.716557006,-2418861.896360743,-3140375.049064267,-1654367.8903884992,-7833313.853115109,-7873925.172207217,-9963199.599910218,-5472194.26148242,-27696303.090934265,-27763641.907409042,-36984037.47841981,-18173503.339585382,0,0,0,0,128222245,128222245,128222245,128222245,128222245,128222245,128222245,128222245,100525941.90906574,100458603.09259096,91238207.52158017,110048741.66041462,-16432556.095089208,-16387296.291127298,-22388558.31852251,-10707307.68630475,-4666343.198134096,-4709002.719030808,-5868032.208608992,-3312371.690342539,-2087803.2189008673,-2092583.6935894212,-2715465.1384122553,-1449282.342819506,-6754146.417034963,-6807737.093870425,-8533615.874754382,-4739317.331104083,-23186702.51212417,-23221192.50135406,-30426332.673161108,-15666675.409940697,0,0,0,0,128222245,128222245,128222245,128222245,128222245,128222245,128222245,128222245,105035542.48787583,105001052.49864593,97795912.3268389,112555569.59005931,0,0,0,0,1508497,1508497,1508497,1508497,0,0,0,0,1508497,1508497,1508497,1508497,12825.766476495863,11936.533181035735,7178.760498551064,24348.789187569997,85,85,85,85,134.10108473709553,132.17281116126844,72.08461309640442,205.03450342246728,193.4662613037477,190.44035704883999,101.97286575043687,299.17718339469883,56.91734958426579,53.896579513528536,29.577981139999526,100.42312926901036,77.6906585745031,73.24645163533467,37.949874009377226,141.68800401375336,132.17281116126844,133.69212358967468,53.896579513528536,48.60580592713794,132.17281116126844,48.60580592713794
"Second_[80,85)",70,"[80,85)",ReVac_RZV_2d,2024,0,0,0,0,3.4189883578712444e-4,3.42401141790738e-4,2.47167080923183e-4,4.280962139940003e-4,3.8711686044017637,3.897463005271169,2.9126211612416153,4.66362534279756,-0.051287362451269594,-0.051639163526841794,-0.06183209275963381,-0.03875638377507735,-0.003708917137769941,-0.0037150454942406564,-0.004913102809976697,-0.002597159555675999,-0.00461598192148033,-0.0046332864239226855,-0.005689189777597946,-0.0034616889839654396,-8.62784674731803e-7,-8.64364668760433e-7,-1.1294368905574054e-6,-5.795139772902599e-7,466.4706414734516,467.1622366476804,338.6340827345848,583.129636068223,11882.561137309762,11678.187499627875,6135.635951294954,18365.723461346915,3856.6058117525613,3562.954311411264,1328.3722564574234,7815.504911579383,12338.935530561328,12126.42215950694,6574.926141414232,18881.598057518993,10116.598809953464,9946.06963930781,5293.73900272709,15677.451381233306,3313.0012219861546,3073.930019739808,1136.4363847059142,6700.9100852314195,332.96662724372374,333.2747403793037,243.1027657258557,413.7346511308802,10449.565437197178,10272.404075515456,5558.279376484919,16047.675554687903,-23709224.7353688,-23747161.847207636,-31394862.608544443,-16539814.858362796,-6358118.691091837,-6414710.561970656,-7653517.073867874,-4846266.688864319,-2826113.3690546607,-2827751.640431785,-3515464.8441899414,-2102682.516712934,-9184232.060146498,-9231074.891448475,-11072087.998012971,-6978580.8389669815,-32893456.7955153,-32992020.20939794,-42021800.53171667,-23529460.833370574,0,0,0,0,256444490,256444490,256444490,256444490,256444490,256444490,256444490,256444490,223551033.2044847,223452469.79060206,214422689.46828336,232915029.16662943,-19450304.842448533,-19438343.073242396,-25520797.506079033,-13808604.821128918,-5437025.990497737,-5472244.167131526,-6489820.935289582,-4161500.2512975396,-2428362.2957280627,-2428681.4924737094,-3022525.9701566007,-1840236.0475395352,-7865388.2862257995,-7895733.251981255,-9433153.389352128,-6055583.510623805,-27315693.128674332,-27413140.084793247,-34428722.240967624,-20080808.470671885,0,0,0,0,256444490,256444490,256444490,256444490,256444490,256444490,256444490,256444490,229128796.87132567,229031349.91520676,222015767.7590324,236363681.5293281,0,0,0,0,3016994,3016994,3016994,3016994,0,0,0,0,3016994,3016994,3016994,3016994,23636.31758752072,22299.12886411108,14094.971072973089,41865.83527787129,85,85,85,85,78.3253138297981,77.16047155168121,45.32550210225617,116.2501688853517,112.96099900914277,111.28476293133481,63.61291695871677,169.5053877687624,33.223483412055806,31.559092930680084,17.99205558091557,56.64812693551937,45.30825338252933,42.91166248794773,23.101756707277893,79.94939611194579,77.16047155168121,80.0699831332984,31.559092930680084,29.3238850564776,77.16047155168121,29.3238850564776
"Second_[80,85)",75,"[80,85)",ReVac_RZV_1d,2024,0,0,0,0,2.5375531168546583e-4,2.548782716398357e-4,1.5291481379151595e-4,3.51411352336628e-4,2.837324085703556,2.8552935035664326,1.7925094576341,3.816950304944011,-0.03440843088933526,-0.03473625366715949,-0.04605257109914204,-0.0218350992334058,-0.0025133951625442197,-0.002504770919357022,-0.003637259580121805,-0.001453604756263482,-0.0030951865929593277,-0.003114304325157573,-0.004191905174322451,-0.0019563086829385494,-5.853309569546096e-7,-5.852553839058702e-7,-8.437983685311632e-7,-3.1217944674673793e-7,316.5436465918478,317.40469273366034,191.3788789010607,433.91278091408316,7978.454701218612,7767.962140795966,3711.0910789765853,13122.842553015911,2584.6554074506657,2351.6431380639497,834.151660342039,5614.398590019935,8288.143655641497,8091.885114038363,3939.309265216114,13517.746788872544,6778.696989833539,6623.852919939612,3162.0893221273213,11007.667452083491,2215.1192527754038,2034.4090941951044,721.641174171951,4778.692494594133,225.97301365115493,227.73671984439716,138.74934053034522,304.88790416144764,7004.670003484699,6843.254027781077,3351.2719610705044,11275.795618005375,-16079852.439762225,-16076258.851132166,-23341698.42833876,-9232200.038993744,-4260451.8975304915,-4301257.424137233,-5683742.817021086,-2695916.67709582,-1892603.0405508992,-1898183.453971068,-2585761.959641609,-1174553.6435445822,-6153054.93808139,-6218877.842036315,-8215229.306069096,-3915381.0783108613,-22232907.377843615,-22316906.331702366,-31094087.779245917,-13274427.502790002,0,0,0,0,128222245,128222245,128222245,128222245,128222245,128222245,128222245,128222245,105989337.62215638,105905338.66829765,97128157.22075407,114947817.49721,-13187815.781718453,-13170752.786729265,-18659968.095698714,-7838952.355667283,-3635418.469898432,-3677767.349213344,-4831966.823340629,-2308987.2117711403,-1622699.943987854,-1627885.2977218393,-2200400.454057588,-1015851.3884563507,-5258118.413886286,-5307225.448907638,-6948336.31629408,-3351547.9317342485,-18445934.195604738,-18440732.000517935,-25530350.781326555,-11477097.91906126,0,0,0,0,128222245,128222245,128222245,128222245,128222245,128222245,128222245,128222245,109776310.80439526,109781512.99948207,102691894.21867344,116745147.08093874,0,0,0,0,1508497,1508497,1508497,1508497,0,0,0,0,1508497,1508497,1508497,1508497,17377.110330923904,16121.578712564178,9331.868996149591,33777.23186864412,85,85,85,85,105.09754693930364,102.55806345004774,53.848476373902905,165.31611345252932,151.5323095108215,147.96686848736886,76.3387472775929,240.06065573186717,44.59258422398978,42.29978418963391,22.013073589679358,80.8239111449978,60.77486543785072,57.191133016064015,28.14298803302762,114.8619224901702,102.55806345004774,100.77205106934483,42.29978418963391,36.822470784340744,100.77205106934483,36.822470784340744
"Second_[80,85)",75,"[80,85)",ReVac_RZV_2d,2024,0,0,0,0,3.1179297518961225e-4,3.121195833108992e-4,2.1618135427410313e-4,4.0174297039410336e-4,3.4765823285139277,3.5019276870598377,2.509773286892997,4.319422719184337,-0.04202733132952777,-0.042265471904620176,-0.05237613318820925,-0.030608565562664974,-0.003110579717574173,-0.003113987912933845,-0.0042173975105278825,-0.002049619185815706,-0.0037730207804385556,-0.0037848682389206604,-0.004774206306544527,-0.002699999890558152,-6.71548090932686e-7,-6.682614141137345e-7,-9.279068296653619e-7,-4.1668851985589544e-7,387.6427957012728,388.36759712640196,271.6036440495867,497.3681128334254,9746.543591947659,9536.532083551654,4932.209893510059,15424.659676546808,3145.047372624048,2884.3790496163983,1055.8480392627118,6484.795155751336,10125.283846655859,9925.34711067751,5276.724901892478,15830.360584785043,8223.15722441814,8079.630503357535,4150.600940466313,13035.203647454919,2677.9451897855342,2474.7063077133243,907.9885420638341,5519.844426129261,275.29538762937767,275.86677972925827,196.9060207958799,350.3512605860596,8498.452612047504,8354.989327074029,4420.811407991336,13328.62762828306,-19923003.571403008,-19917352.630439524,-26984563.128584556,-13097155.962959379,-5198697.724776088,-5236374.760173847,-6471158.837829346,-3783915.724204928,-2304562.3624256463,-2305812.963124209,-2946745.251505586,-1652071.8242864038,-7503260.087201735,-7546318.546002705,-9335865.251741478,-5468896.471907219,-27426263.658604745,-27530475.456394,-35875445.117226936,-18821681.278089147,0,0,0,0,256444490,256444490,256444490,256444490,256444490,256444490,256444490,256444490,229018226.34139526,228914014.54360598,220569044.8827731,237622808.72191086,-16203702.43749314,-16215223.446272723,-21799674.385974046,-10905562.739130277,-4405792.01336603,-4435959.342232616,-5436651.924170897,-3265571.0025546383,-1963136.8826080277,-1970993.0520596218,-2492500.2559412634,-1424640.4160779682,-6368928.895974058,-6415724.521807838,-7907731.077855749,-4727843.415629564,-22572631.333467197,-22632256.737809025,-29048171.082276087,-15870372.210233878,0,0,0,0,256444490,256444490,256444490,256444490,256444490,256444490,256444490,256444490,233871858.6665328,233812233.262191,227396318.9177239,240574117.78976607,0,0,0,0,3016994,3016994,3016994,3016994,0,0,0,0,3016994,3016994,3016994,3016994,29819.260958355164,27982.433155001352,17419.008902296297,53281.8267406214,85,85,85,85,63.81904756006053,62.93306296816692,35.6711318824947,96.51358906871612,91.98765714976308,90.60814740485634,50.51369748460706,140.5242282812785,27.059199614505513,25.567181403870954,14.691220226101558,46.89641156559153,36.847885231430546,34.68775001536183,18.58982850750875,66.29207204628082,62.93306296816692,64.02347854874989,25.567181403870954,23.613918758103534,62.93306296816692,23.613918758103534
"Second_[85,90)",70,"[85,90)",ReVac_RZV_1d,2024,0,0,0,0,2.0527510771932222e-4,2.0484552413435608e-4,1.445222930915202e-4,2.6191042926596573e-4,1.9895557004380646,2.010008583045727,1.484896247245487,2.3966164813539867,-0.036733056172998206,-0.03702881763558008,-0.04425685992218141,-0.027772858982810372,-0.0033369639175082596,-0.0033368135927129773,-0.004382779544357458,-0.002347597500022112,-0.003202525922546931,-0.003213671800532941,-0.0040613172501613995,-0.002300284502883161,-9.006717647448318e-7,-8.963592040653209e-7,-1.164623778228024e-6,-6.27695103522644e-7,232.3377162687322,231.80879067257047,163.49084080649774,297.09384326066356,5148.533858965242,5112.844831208124,2665.6586561451313,8015.24014304946,1565.1602774578973,1465.851529082038,541.8469876026135,3194.656730850503,5372.947610509633,5330.1443968450185,2835.643316224939,8267.010170359594,4601.471927496001,4558.31099048933,2391.6757113922527,7165.329746937422,1406.2018139086392,1319.1660397828541,489.1950616532941,2881.006041556684,182.70601564816386,182.03295393730514,128.40500594732586,234.0770580528304,4784.177943144158,4745.540307683172,2518.872281768254,7403.527020888741,-13035311.117904926,-13028837.395495405,-17146914.464541756,-9162344.313921863,-2671559.8484586696,-2691688.1443106513,-3208829.656367108,-2018615.5809625238,-1147221.14076972,-1145400.3230767092,-1465183.1668974496,-816314.9522957691,-3818780.9892283897,-3857904.3829094702,-4611116.375956102,-2856270.149995343,-16854092.107133314,-16887521.205602407,-21419933.20813955,-12048145.184477106,0,0,0,0,79948365,79948365,79948365,79948365,79948365,79948365,79948365,79948365,63094272.892866686,63060843.79439759,58528431.79186045,67900219.81552288,-11491329.129550677,-11464078.54404086,-15086321.09967849,-8110869.134943282,-2392959.638517127,-2411454.642027089,-2889736.313713882,-1800586.605231024,-1031919.746315499,-1030755.1025390846,-1314821.2405508107,-735799.7186923259,-3424879.3848326257,-3456528.986004688,-4149855.075074945,-2572594.2048746664,-14916208.514383303,-14931088.413556727,-19048939.296650417,-10689597.335747859,0,0,0,0,79948365,79948365,79948365,79948365,79948365,79948365,79948365,79948365,65032156.4856167,65017276.58644327,60899425.70334959,69258767.66425213,0,0,0,0,940569,940569,940569,940569,0,0,0,0,940569,940569,940569,940569,14699.263197945716,13714.457116550293,8558.136069887198,26417.807091684455,85,85,85,85,117.58814863903282,117.00326750004903,67.24718050335454,174.55350562237913,168.45286928307019,167.76337510022617,94.66622694687132,253.61944899168563,49.644805543792494,47.81951806606683,28.03379114901474,83.28062765749205,66.5378546402097,63.68931130323989,35.482612928422846,115.00077804681634,117.00326750004903,119.79142171983031,47.81951806606683,43.49914075206407,117.00326750004903,43.49914075206407
"Second_[85,90)",70,"[85,90)",ReVac_RZV_2d,2024,0,0,0,0,2.318277839667533e-4,2.3059757139165526e-4,1.7643489269764112e-4,2.8915550974667465e-4,2.26167331294428,2.2794920291505107,1.8266129190561924,2.5957026055012493,-0.04166355588170487,-0.04187516870162142,-0.047975452104486914,-0.03369406059375868,-0.003805495665650876,-0.003802441002984572,-0.00482675664918785,-0.002835139649454555,-0.003626252807660075,-0.003631524518454516,-0.004468430356088613,-0.002770815720271341,-9.54363630277349e-7,-9.485940673814139e-7,-1.2331407345796662e-6,-6.848052205096891e-7,261.81226907414384,260.1678858224768,198.7424612644245,326.2977181116818,5837.53829066364,5781.2419372943605,3140.8283101638885,8910.82632514098,1770.329106815004,1652.5542695741492,634.2870040449639,3554.6044581501483,6090.040128051738,6033.768793235533,3369.3286887194613,9161.479829971118,5196.617426289878,5166.006600630049,2789.2602037389556,7931.422989790624,1584.6455385067804,1479.0425113029646,566.8961885577498,3178.8527825730484,205.41430365772032,203.9270446205046,155.94551005369286,256.95036708199183,5402.031729947585,5365.295378299197,2979.8683077463534,8146.796531262993,-14858486.869757388,-14848916.48939352,-18848418.076242253,-11086901.074882798,-3027157.5811540564,-3044779.9445112497,-3488580.4138179664,-2439939.501036339,-1297626.6460597003,-1294272.4879851833,-1611759.9192366456,-990623.383247417,-4324784.227213756,-4350245.680441811,-5027384.447606564,-3503116.846710911,-19183271.096971143,-19204808.443697672,-23605667.465837218,-14671430.85318229,0,0,0,0,159896730,159896730,159896730,159896730,159896730,159896730,159896730,159896730,140713458.90302885,140691921.5563023,136291062.53416276,145225299.1468177,-13040943.168392679,-13010051.578260746,-16578064.003718048,-9735955.386104053,-2700931.226237357,-2718393.8364619315,-3119419.9502278483,-2181077.754517499,-1162918.352633218,-1157961.6177936406,-1443793.4832089797,-883646.9832238359,-3863849.578870575,-3885764.684245135,-4497034.969791182,-3134016.224716496,-16904792.747263253,-16922328.005828388,-20773367.69673164,-12924567.55695699,0,0,0,0,159896730,159896730,159896730,159896730,159896730,159896730,159896730,159896730,142991937.25273675,142974401.9941716,139123362.30326834,146972162.443043,0,0,0,0,1881138,1881138,1881138,1881138,0,0,0,0,1881138,1881138,1881138,1881138,28354.725559269573,26730.54514900031,17345.82084954054,48710.66848370112,85,85,85,85,66.42012831924875,65.95215225077047,39.58559287213228,96.60636500595075,95.1369568025795,94.29140670960209,55.26916278767215,140.13905625561037,28.018140928817168,26.9453964561489,16.431617744543523,46.020522797424555,37.53397571693213,35.90658583543164,20.20288989630053,63.81847488246492,65.95215225077047,68.55768544129073,26.9453964561489,25.251954702356116,65.95215225077047,25.251954702356116
"Second_[85,90)",75,"[85,90)",ReVac_RZV_1d,2024,0,0,0,0,1.9775315274208038e-4,1.9721731478750115e-4,1.320779044614695e-4,2.574083407628214e-4,1.9205823618267275,1.9403925156769812,1.3656502279608072,2.389742949736607,-0.03237007576913606,-0.03263565465218478,-0.04033823781943397,-0.023269567573289494,-0.0029597213236504123,-0.0029511023157004924,-0.003976148599987932,-0.0019748344689710785,-0.0028173841118058437,-0.0028286653922002854,-0.003682886156345679,-0.0019200763027415466,-7.48790315119234e-7,-7.429867747699472e-7,-1.0081212351196978e-6,-4.928026893763314e-7,204.22680251617032,203.1829125143122,136.91284325910965,266.98242700252445,4536.5545311295045,4479.172167290542,2257.5588016132438,7215.255849223654,1376.1934330054225,1282.5674158465044,455.5579386135708,2835.4909202524523,4733.604602524905,4693.778103706194,2428.24431842668,7436.643539866187,4042.3284203057997,3983.6003770865454,2032.7772868471573,6440.63491530533,1232.7967411842174,1155.3563039505932,408.1505625405918,2560.8990365330023,160.3604218042204,159.85151282697916,107.81493148875889,210.81090744420652,4202.688842110036,4162.748686484061,2156.837067861704,6624.243031760712,-11559458.384480156,-11530126.404288938,-15533042.192807056,-7720246.969637069,-2351568.8354492746,-2364926.972879631,-2923879.4554475816,-1697096.1331242132,-1007992.6414708624,-1008357.8376629258,-1322048.7315268505,-690828.3739764981,-3359561.476920137,-3394110.338417638,-4203223.123263772,-2388781.9035715167,-14919019.861400293,-14948282.470387124,-19496922.417758252,-10200260.512558104,0,0,0,0,79948365,79948365,79948365,79948365,79948365,79948365,79948365,79948365,65029345.13859971,65000082.529612884,60451442.58224175,69748104.48744191,-10160565.449085223,-10109476.025928983,-13652490.902829384,-6838147.522491404,-2100067.145041956,-2115929.861759741,-2625740.590481384,-1509306.297966083,-904049.7489265563,-905952.929839383,-1177992.981548065,-615633.9929053049,-3004116.8939685123,-3039816.034600009,-3751648.7601282573,-2146208.4986306187,-13164682.343053736,-13216699.050642952,-17253008.831256643,-9018585.82823932,0,0,0,0,79948365,79948365,79948365,79948365,79948365,79948365,79948365,79948365,66783682.656946264,66731665.94935705,62695356.16874335,70929779.17176068,0,0,0,0,940569,940569,940569,940569,0,0,0,0,940569,940569,940569,940569,17300.562328105934,16021.87889292427,9853.722849533418,32194.840668625424,85,85,85,85,103.36132616028644,102.39829524204833,56.65723706563574,156.31326311155283,148.04373480983833,146.58140406930985,79.82788284299824,227.2720935623081,43.62021882798869,41.918873176506494,24.107687231192546,74.49746167030122,58.43207381139169,55.93999191871086,30.195929548519445,103.50497517343274,102.39829524204833,103.84851584586917,41.918873176506494,37.7670776927294,102.39829524204833,37.7670776927294
"Second_[85,90)",75,"[85,90)",ReVac_RZV_2d,2024,0,0,0,0,2.2688765470344751e-4,2.2574291666765944e-4,1.665713615364828e-4,2.874055532775754e-4,2.219157781362206,2.2316124486614237,1.7356308877373088,2.6235757347290645,-0.037300555152675406,-0.03743047435340936,-0.04410736028271829,-0.029245039023581068,-0.0034282505217727755,-0.0034229966770769837,-0.004419199087063138,-0.0024619394062834372,-0.0032411096052983573,-0.0032429635172161898,-0.004060439509367512,-0.0023979056445535686,-8.02481423000651e-7,-7.911757754836641e-7,-1.0799842089130015e-6,-5.522719991528188e-7,233.70140187434527,231.89691217569634,172.2732330809813,295.6116556484834,5225.559299951396,5154.601454029279,2768.089407949725,8123.632460984043,1581.3623643491403,1475.683680643811,547.9498253212384,3177.6896484354716,5450.697508669904,5378.978043954354,2966.1121512157492,8371.232714743364,4637.474444117945,4577.4884220912445,2455.208183363233,7247.242642050381,1411.2406254357998,1321.5963933315438,495.86313285266,2848.8504175421062,183.06874737159862,181.6005556071177,134.29725907745305,231.56461099222068,4820.543191489547,4759.808994875522,2624.102378714585,7435.467377950414,-13382633.816768035,-13355595.010081086,-17204729.73839683,-9626924.550830903,-2707166.5973832984,-2719299.164761549,-3221796.500375869,-2112955.952656337,-1158398.2308360124,-1154412.7892122846,-1468334.7777938927,-857852.15653129,-3865564.828219311,-3885636.5121859834,-4614907.507345794,-3023383.1459423206,-17248198.64498735,-17231735.3323555,-21597424.4100997,-12818826.803402303,0,0,0,0,159896730,159896730,159896730,159896730,159896730,159896730,159896730,159896730,142648531.35501266,142664994.6676445,138299305.5899003,147077903.1965977,-11710180.077520989,-11676772.731282495,-15171712.922511892,-8482549.466033855,-2408038.914550477,-2417596.825215359,-2872389.8387901103,-1882602.2850433327,-1035048.4779998007,-1030976.4954224799,-1307104.682719119,-770269.4432154519,-3443087.392550278,-3459692.032071202,-4120920.572366801,-2717347.5750844907,-15153267.470071267,-15164259.913397739,-18977100.796097226,-11216078.40419907,0,0,0,0,159896730,159896730,159896730,159896730,159896730,159896730,159896730,159896730,144743462.52992874,144732470.08660227,140919629.20390275,148680651.59580094,0,0,0,0,1881138,1881138,1881138,1881138,0,0,0,0,1881138,1881138,1881138,1881138,32275.515737050624,30372.791398736503,19429.990817782804,55739.170057832605,85,85,85,85,59.306723536424336,58.8102623022993,34.7527589646475,87.2607282492558,84.93239901312805,84.05035941941031,48.72682769740794,126.92215186005316,25.005850142955612,24.026130285380873,14.445474184365532,41.16386019082558,33.48108892292496,32.00087463388955,17.97901543953647,57.371623231502944,58.8102623022993,60.76469637258808,24.026130285380873,22.41662676573689,58.8102623022993,22.41662676573689
"Second_[90,95)",70,"[90,95)",ReVac_RZV_1d,2024,0,0,0,0,7.20726932345388e-5,7.191124692174089e-5,5.3109422428210266e-5,9.23601740549007e-5,0.8346949172900725,0.8431090276885188,0.6491131051698852,0.985590904422733,-0.02757824399107986,-0.02782605107483718,-0.03269378084355797,-0.0214682648792878,-0.0029798423330562583,-0.002978706706930658,-0.003804407028080611,-0.0021556380418996366,-0.0022725492788261132,-0.002259536122446167,-0.0030517215618909178,-0.001568742720251881,-7.374072511280684e-7,-7.348539999153644e-7,-9.344599232460291e-7,-5.459594893474165e-7,58.676345376219835,58.547345102764666,43.27979107571882,75.09551362256752,1597.9432657442621,1587.5238060613847,842.0638794488018,2453.6067591823803,451.48999059825917,432.82877024747,152.46909337774096,922.4945945513517,1651.5992623440775,1646.2019806149183,896.073458807054,2514.1767787519434,1481.0544164152964,1470.9678599103763,777.9625035173241,2276.5669151523157,419.5611796572504,402.12901484828967,142.55559597451037,858.6711083177152,49.56396336150565,49.39676158223301,36.50866933896322,63.542732839786915,1530.6183797768076,1523.9225277842488,829.0315422791405,2335.494896806631,-4786961.8965842975,-4776176.886859765,-6119925.958663253,-3447364.202058795,-806863.5426885037,-813805.8685934481,-960830.7560901549,-624986.7504883513,-326010.36447588535,-323389.0230518987,-447715.2939262675,-223760.76647992447,-1132873.907164389,-1136847.083779282,-1368001.4499393767,-873983.570711897,-5919835.803748687,-5923664.034179859,-7354210.046470844,-4408005.504996649,0,0,0,0,35456730,35456730,35456730,35456730,35456730,35456730,35456730,35456730,29536894.196251314,29533065.96582014,28102519.953529153,31048724.49500335,-4425708.180829751,-4414368.881382827,-5674375.351176382,-3167892.5229319413,-748601.4187379723,-755646.5644719081,-892397.7641297667,-580037.0622491166,-303118.6761064671,-301059.22525694635,-416011.4045774844,-208193.67386265896,-1051720.0948444393,-1055754.6149349199,-1272233.3343586826,-807998.6799404803,-5477428.275674191,-5479092.499751456,-6816716.364234885,-4061835.165396361,0,0,0,0,35456730,35456730,35456730,35456730,35456730,35456730,35456730,35456730,29979301.72432581,29977637.500248544,28640013.635765113,31394894.834603637,0,0,0,0,417138,417138,417138,417138,0,0,0,0,417138,417138,417138,417138,21117.37143470941,19740.897345745794,12548.822991044319,37267.81385658217,85,85,85,85,86.51764133502664,85.93655053451855,50.25366168625174,126.470594359133,123.21097495068399,122.4596848673976,70.34379341995955,182.12122066472148,35.623537381032925,34.6116139170921,20.853642469091408,57.82142664888416,46.869819019693416,45.56893332596881,25.3173344158988,78.93847579141801,85.93655053451855,89.18829422998846,34.6116139170921,31.664145641776628,85.93655053451855,31.664145641776628
"Second_[90,95)",70,"[90,95)",ReVac_RZV_2d,2024,0,0,0,0,7.952937163281914e-5,7.907377545179894e-5,6.117530800660576e-5,9.891091304859435e-5,0.9272016283991112,0.9338495647660433,0.775039041723583,1.0426142882818075,-0.03058218456262983,-0.030803001822921137,-0.034520752166415467,-0.02560786970476426,-0.0033077181255220275,-0.0032985525398639515,-0.004150775774676886,-0.00250258349238335,-0.0025181567628986333,-0.00250473402906415,-0.0033182618619725735,-0.0017949215710801126,-7.656086477983323e-7,-7.616754297144151e-7,-9.67090476028596e-7,-5.815131750524214e-7,64.63544806667487,64.31488151103258,49.82100610085763,80.3433158682601,1769.945834406156,1755.5674506348446,937.9288454367527,2693.2042359790103,499.5665021187095,475.0851634525445,173.7238162146406,996.5988036485645,1828.953936636077,1816.8023230923573,998.695417798881,2757.6122032563253,1637.8430610706912,1626.100080383274,866.8244422246746,2497.0681008159736,463.52657649696084,440.69136434113767,161.53186840389534,927.1542815279622,54.55516539163678,54.28912140498869,42.106927280884705,67.83926691986854,1692.3982264623248,1679.0110495147528,920.9946705283073,2556.558229733142,-5306236.459712531,-5284856.952023478,-6706809.9399367245,-4000310.832689873,-893499.2251277108,-898137.3157773392,-1019200.1837482289,-743646.7832345599,-360740.9663305278,-356924.091605508,-479753.9621343084,-257443.45290472594,-1254240.1914582388,-1257497.949006912,-1452272.387243923,-1027332.2631489037,-6560476.651170771,-6553295.293212285,-7970261.392429736,-5179168.855752426,0,0,0,0,70913460,70913460,70913460,70913460,70913460,70913460,70913460,70913460,64352983.34882923,64360164.70678772,62943198.60757026,65734291.14424758,-4897730.866998633,-4883530.386975438,-6191985.726268853,-3678849.680119737,-827670.5018626828,-831573.7090873977,-945739.5259721378,-689329.6580208435,-334901.04896437895,-331362.50867951463,-445131.2854816799,-238345.6809583501,-1162571.5508270618,-1165644.7401909484,-1349206.6679875236,-952504.6918778862,-6060302.417825695,-6048813.557385485,-7385953.3942321045,-4768782.928024126,0,0,0,0,70913460,70913460,70913460,70913460,70913460,70913460,70913460,70913460,64853157.5821743,64864646.44261451,63527506.60576789,66144677.07197587,0,0,0,0,834276,834276,834276,834276,0,0,0,0,834276,834276,834276,834276,41000.22192755715,38641.04691913535,25211.694918456666,70926.297396511,85,85,85,85,47.83580846994543,47.504989633780504,28.93877812028288,69.2076339366063,68.12163985503052,67.67987797941501,40.06084414525668,99.509624648826275,19.68405810019424,19.201741287748185,11.810895072030748,30.960821806454003,25.894014300403732,25.174825018654996,14.413725895447552,42.78399440546638,47.504989633780504,49.70395813084959,19.201741287748185,17.834258790074685,47.504989633780504,17.834258790074685
"Second_[90,95)",75,"[90,95)",ReVac_RZV_1d,2024,0,0,0,0,7.321582532184867e-5,7.305372693788836e-5,5.16502381347983e-5,9.53900586095624e-5,0.851957515804839,0.8595925056576494,0.6366278366725873,1.030350130121782,-0.025699979677465304,-0.025931591748767496,-0.031078885802285874,-0.01926536302177442,-0.0027798174333317307,-0.0027867968844516216,-0.0035976135102233032,-0.0019545373873694383,-0.0021163635772054844,-0.002103800437366059,-0.002929077847731716,-0.0014283649380623005,-6.580828424485048e-7,-6.542588199337e-7,-8.694701241993866e-7,-4.6387398164929265e-7,54.388274396070045,54.323285716585815,38.492877607536506,71.0123760282644,1488.2207975085066,1478.9278444044094,775.866845084013,2316.8345164911975,420.19274720747745,403.25769211480576,140.82440924093584,862.5379179421616,1537.888481428045,1526.0374550668057,818.6024074861897,2365.983448818226,1378.121659532286,1369.1803657164655,716.9196984134287,2155.125241779699,390.13225154245083,374.6172304532325,130.47273349085978,801.4917949299434,45.923762157151245,45.8150688681053,32.504182371281786,59.974179124791405,1424.0454216894357,1414.098366028862,755.9573552444926,2200.582708267634,-4462060.221711447,-4459188.9504311625,-5785977.835465315,-3123886.737702017,-751258.5426191979,-756294.4941836623,-914736.3814224757,-561085.8882266264,-303338.067710569,-299809.6925460006,-421395.2407837997,-201665.37670697467,-1054596.610329767,-1058481.9443389252,-1291257.0356291698,-784779.0545657586,-5516656.832041214,-5528682.613053065,-6974269.651583497,-3996575.395552642,0,0,0,0,35456730,35456730,35456730,35456730,35456730,35456730,35456730,35456730,29940073.167958785,29928047.38694693,28482460.348416504,31460154.604447357,-4121723.391255948,-4117985.827872989,-5342983.354970478,-2864282.677088729,-696395.0524100071,-700681.807739872,-848914.9285090078,-520975.06311981205,-281792.1375816229,-278626.2369111583,-391448.06069428334,-186224.12909539943,-978187.18999163,-980920.3967293333,-1201550.6958656923,-723169.130115594,-5099910.581247578,-5102876.588814696,-6447930.010200873,-3682316.202891459,0,0,0,0,35456730,35456730,35456730,35456730,35456730,35456730,35456730,35456730,30356819.41875242,30353853.4111853,29008799.989799134,31774413.797108546,0,0,0,0,417138,417138,417138,417138,0,0,0,0,417138,417138,417138,417138,23078.112518809216,21585.617540315252,13541.561002520157,42122.22083408423,85,85,85,85,80.50290075475333,79.68634699612167,45.188307687470136,118.9908068286629,114.64137343500387,113.50086750906351,63.10230727400017,171.6928304665073,33.13299400975126,32.22042557087686,19.351575847157882,54.482005995284254,43.58651331750078,42.25319209856892,23.546563943442532,74.21103671055475,79.68634699612167,81.83337423462193,32.22042557087686,29.00716272003523,79.68634699612167,29.00716272003523
"Second_[90,95)",75,"[90,95)",ReVac_RZV_2d,2024,0,0,0,0,8.139763565460067e-5,8.076652662036832e-5,6.108046314750038e-5,1.0287777932095343e-4,0.9534601422002271,0.960097635478351,0.7736309338822536,1.0960383602797126,-0.028703920249015278,-0.028863320590332114,-0.0330894988440412,-0.023426744632069677,-0.0031076932257975,-0.003103837636310611,-0.003945530059447256,-0.002321645270782027,-0.0023619710612780044,-0.00234259920018768,-0.0031493097812032534,-0.0016663110605308414,-6.862842391187687e-7,-6.808217691118452e-7,-9.004956303460438e-7,-4.993326536951265e-7,60.347390381736915,59.86961186432745,45.415780264983184,76.37614765512407,1660.2237424119662,1644.559390645491,882.5767307408241,2543.278534725943,468.2693642561423,445.9910921301374,159.40099058352064,936.6305624042636,1715.2435439451262,1695.7904024610762,932.3679286482628,2606.9514880419824,1534.9106465189218,1517.281265869092,813.3196494059645,2357.679210274855,434.0977447215248,414.6319789158267,148.11246465388209,868.9684473838106,50.91497529631131,50.54309770872351,38.2972635271668,64.50390613168129,1585.8256218152226,1565.8722164797364,861.113484923431,2408.7238559680404,-4981335.917466638,-4974264.520606566,-6341773.618789801,-3719972.0807354273,-837894.4145186726,-841427.9187633164,-974745.177301976,-679669.9817766361,-338068.7456808917,-334398.4436475933,-458174.33160012844,-238766.37357326108,-1175963.1601995644,-1177280.632309589,-1385939.4366229142,-941709.7603263956,-6157299.077666203,-6160416.248064053,-7598970.094169726,-4776278.625048222,0,0,0,0,70913460,70913460,70913460,70913460,70913460,70913460,70913460,70913460,64756160.9223338,64753043.751935944,63314489.90583027,66137181.37495178,-4593747.104792498,-4584182.039946139,-5858008.280843318,-3408750.0519065987,-775464.3081302637,-778434.9063946179,-904564.9323932554,-629462.2601228214,-313574.57997344073,-310371.39946342935,-424191.7167709881,-220501.0569332461,-1089038.8881037044,-1089276.2690654434,-1285834.2425529582,-867595.1158929055,-5682785.992896202,-5680953.572092002,-7012816.637188127,-4400857.33768563,0,0,0,0,70913460,70913460,70913460,70913460,70913460,70913460,70913460,70913460,65230674.0071038,65232506.427907996,63900643.36281188,66512602.66231437,0,0,0,0,834276,834276,834276,834276,0,0,0,0,834276,834276,834276,834276,44116.65935175358,41589.84886195342,26952.374083055085,75743.97385219658,85,85,85,85,44.82844817446583,44.56394590581164,26.516905505261736,64.99056505959072,63.836853328338435,63.36397137155511,37.05090898941528,93.77140238595926,18.43879051207625,18.001949622874896,11.042542253972087,29.204317063612123,24.25236683475407,23.52968223831798,13.428647640403858,40.033992249443976,44.56394590581164,46.10296908391769,18.001949622874896,16.636247746434538,44.56394590581164,16.636247746434538
"Second_[95,100)",70,"[95,100)",ReVac_RZV_1d,2024,0,0,0,0,1.0601410408534074e-5,1.0576819682223126e-5,7.852762337977325e-6,1.353665662927328e-5,0.20764977233685977,0.20923196607324784,0.16336998710184816,0.2441958963172952,-0.01806768219055317,-0.018149593377052478,-0.021337570318350027,-0.014331988775547968,-0.002084594481329356,-0.002063973282599825,-0.002794225906236168,-0.0014448363443290058,-0.0014108194984401475,-0.0013850856247159403,-0.0021537806252078474,-8.659447876846614e-4,-4.6609465448387637e-7,-4.6547352140812526e-7,-5.818902761750844e-7,-3.574169870399348e-7,4.6912136348193165,4.6772799836762715,3.4713740189763485,5.993944786569045,229.38985542081872,227.03479349237568,121.12594107967311,359.014747531896,60.6258782831364,57.885705188120554,19.913143554438008,119.2494895359883,232.64230006744566,230.34238819690654,124.73327199589548,362.66604345455994,221.1137570099471,218.7778031737388,116.64795685174953,346.4147043221392,58.47464525368098,55.777594085169646,19.22613670361567,115.02591363154174,4.2410795744984355,4.228654675462167,3.1373979650881663,5.418975933395267,225.354836584445,223.11794936847582,121.36270716184008,351.1624393125537,-719439.5662676487,-712354.2081266805,-969580.7812359969,-491885.94545173156,-112792.21719271695,-113256.95406694176,-134112.4180658863,-88208.58642629908,-43096.44620764155,-42222.62635795164,-65343.66915843079,-26585.96445371422,-155888.66340035852,-155859.02774700033,-191103.20116389738,-121109.8481847939,-875328.2296680072,-870318.7099511058,-1139111.7860147448,-633292.0984882476,0,0,0,0,9270440,9270440,9270440,9270440,9270440,9270440,9270440,9270440,8395111.770331994,8400121.290048894,8131328.213985256,8637147.901511751,-693800.591610351,-686584.4328613868,-934036.4363393363,-473764.0544562396,-108793.82571929097,-109260.25165496503,-129267.20133947737,-84973.86912052527,-41587.717214191376,-40790.47776051327,-63155.13275206203,-25649.252279778986,-150381.54293348233,-150265.8392940213,-184545.36999078913,-116849.38902114842,-844182.1345438333,-838641.4240027843,-1098980.0771367978,-610823.6728858502,0,0,0,0,9270440,9270440,9270440,9270440,9270440,9270440,9270440,9270440,8426257.865456168,8431798.575997215,8171459.922863203,8659616.327114148,0,0,0,0,109064,109064,109064,109064,0,0,0,0,109064,109064,109064,109064,40325.78585595074,37681.799973543544,23937.27383120436,70622.37632530816,85,85,85,85,49.06549242859911,48.655563131613015,28.769225563280873,72.31994955503323,69.72811589596185,69.16932985411373,39.843620679198544,104.517242299824,19.240965223239765,18.790645429666835,11.136836509121702,30.22087469855225,24.99132508792283,24.30678049478017,13.437043774242666,40.93484091514162,48.655563131613015,50.221592703405925,18.790645429666835,16.67750806354792,48.655563131613015,16.67750806354792
"Second_[95,100)",70,"[95,100)",ReVac_RZV_2d,2024,0,0,0,0,1.1545129696866164e-5,1.1493266144968484e-5,9.01957173918e-6,1.426736862751299e-5,0.22690198698887692,0.22842665600645617,0.19296596026703133,0.25305978021727404,-0.019722769668833497,-0.01979799661080025,-0.022087685484963173,-0.016814890770561843,-0.0022760198431466118,-0.0022580313241393314,-0.002959877614500875,-0.0016527315538059555,-0.001539618025356163,-0.0015216466275316928,-0.0023078390576959373,-9.649412751680358e-4,-4.791018515649487e-7,-4.77918189439519e-7,-5.952379671537917e-7,-3.720767597584489e-7,5.10416085231569,5.082056275845389,3.9895095769214097,6.311825294358277,250.047149402217,248.83941039443891,135.15093798923235,385.8872215476832,66.06321740049572,62.81000326810042,22.048479981436138,130.31843822770372,253.58243774707537,252.68734771895106,138.28272110384714,388.9738954450534,240.95995029650075,239.75935518604328,130.2900878550897,371.9449040934007,63.70198628852003,60.556592504702266,21.26230285746778,125.73818454431661,4.613851731374103,4.594717916887021,3.6063823451579085,5.707194658541994,245.57380202787326,244.66390904314176,134.53972815596717,375.9687864717998,-784265.0223282533,-777813.4175159355,-1035604.4399089407,-558288.2046081107,-122933.57804035826,-123468.55395243739,-139706.09153364072,-104169.97640359716,-46956.00341356771,-46129.61422646647,-69553.74009586754,-29068.9269562808,-169889.58145392596,-170197.34205504588,-199642.2663692775,-139956.921495198,-954154.6037821792,-949876.4530530821,-1212244.8310347483,-714397.8907122761,0,0,0,0,18540880,18540880,18540880,18540880,18540880,18540880,18540880,18540880,17586725.39621782,17591003.54694692,17328635.16896525,17826482.10928772,-756111.8840174134,-749722.4070170659,-998853.69459808385,-538279.0766532775,-118543.95660490269,-119102.37812220708,-134753.90303903542,-100421.94499475251,-45300.17403636415,-44453.62581401404,-67101.4397540596,-28050.117429805334,-163844.13064126685,-164354.51269252796,-192587.07128291152,-135001.39675217608,-919956.0146586803,-915257.8437729322,-1164721.7452016096,-689269.6102739976,0,0,0,0,18540880,18540880,18540880,18540880,18540880,18540880,18540880,18540880,17620923.98534132,17625622.15622707,17376158.254798394,17851610.389726,0,0,0,0,218128,218128,218128,218128,0,0,0,0,218128,218128,218128,218128,76852.94876335732,72059.4203464237,46411.77793561829,131697.72285276238,85,85,85,85,26.733991304262386,26.639487472860402,16.158622123656755,39.067591731708966,37.99223426380326,37.81117959793659,22.307134427516722,56.54174498375505,10.481335615127644,10.253890073437276,6.287817793625427,16.153663480219326,13.613250730101154,13.345882627988946,7.579178125579766,22.292029752014315,26.639487472860402,27.700484456991433,10.253890073437276,9.237728770797371,26.639487472860402,9.237728770797371
"Second_[95,100)",75,"[95,100)",ReVac_RZV_1d,2024,0,0,0,0,1.1103308887063124e-5,1.104812711785752e-5,8.067432451352996e-6,1.4386840768791652e-5,0.21813504123970864,0.21976516692440862,0.1677488948095617,0.26021584184232155,-0.017319916065841722,-0.017431975500718476,-0.020801303833055593,-0.013389690257010109,-0.001998339528869746,-0.001979809792661687,-0.0026927242415821016,-0.0013577235375820318,-0.0013521679081877726,-0.0013242623313057902,-0.0020757333692960093,-8.226353699561236e-4,-4.345380222405053e-7,-4.3321227934529415e-7,-5.574104537158909e-7,-3.1847341960466583e-7,4.478389268598519,4.459566798788728,3.2494400907264205,5.801327876554569,219.61707251934845,217.01668289542076,114.36177304808861,344.7463578393302,58.03542652418004,55.37244003777058,18.94161905883502,113.82700610056834,222.716054008465,220.39407336866134,116.99547106047685,347.5982445702706,211.66301009937837,209.06448276391563,110.10504982024469,331.9877259601642,55.9679979164042,53.40679171174673,18.264000013560675,109.84147934883586,4.048574219847564,4.032686187987565,2.93657659198725,5.246564448412391,215.71158431922618,213.4567302998912,113.76681796004196,335.72000523935924,-688693.1318894563,-681691.1356525903,-937577.60251885,-462520.5277999809,-107969.0798477238,-108689.21235009652,-131305.24153001804,-82909.40168026624,-41246.717534935495,-40468.837604343265,-62777.61059726907,-24947.035076003107,-149215.79738265928,-149195.0187830663,-186143.7059742501,-112721.0942534785,-837908.9292721156,-832853.359299981,-1100889.8100832214,-592569.2879117376,0,0,0,0,9270440,9270440,9270440,9270440,9270440,9270440,9270440,9270440,8432531.070727885,8437586.64070002,8169550.189916778,8677870.712088265,-664055.1070024875,-657619.458293035,-903892.80701099,-444937.72924546676,-104126.86962390965,-104795.0800178599,-126691.67552996601,-79872.39008573898,-39797.09261715019,-39053.14528320842,-60550.89168005867,-24137.922444078187,-143923.96224105984,-143935.52748171438,-179697.54324081447,-108733.26229169805,-807979.0692435473,-803519.8042009287,-1064487.0453987943,-571184.7295093086,0,0,0,0,9270440,9270440,9270440,9270440,9270440,9270440,9270440,9270440,8462460.930756453,8466920.195799071,8205952.954601206,8699255.270490693,0,0,0,0,109064,109064,109064,109064,0,0,0,0,109064,109064,109064,109064,42415.60654807942,39723.81649024451,24837.90106307539,75589.76410745551,85,85,85,85,46.965183338480806,46.48540262675067,27.038816494438162,69.93885359206712,66.7436239164191,66.0077195936804,37.501503891926134,100.99305690928034,18.414055159984805,18.028913050678902,10.711185239109312,29.428380982591573,23.916931648675092,23.340635733617532,12.724672777865914,39.8164237670348,46.48540262675067,47.84608379470225,18.028913050678902,15.90263788019684,46.48540262675067,15.90263788019684
"Second_[95,100)",75,"[95,100)",ReVac_RZV_2d,2024,0,0,0,0,1.2138809372945758e-5,1.2093186037953618e-5,9.263788352571745e-6,1.5213231709906848e-5,0.2392596262673188,0.2404420086177188,0.19864872932392305,0.27186665777011654,-0.01897500354412205,-0.01907178489884405,-0.02156541617231718,-0.01580617349078456,-0.002189764890687002,-0.002173399999192062,-0.0028653879527126276,-0.0015779836469173357,-0.001480966435103788,-0.0014626986834052323,-0.002212153237162216,-9.211531562593798e-4,-4.475452193215776e-7,-4.4473374399804173e-7,-5.671346033803835e-7,-3.37270919537444e-7,4.891337086707848,4.869130483682966,3.730001524952968,6.133387103772111,240.2743957337184,239.0425246324725,129.28206320712601,370.36287879017095,63.47277336143803,60.64274385713222,21.204656552641346,125.22793229102791,243.65622133798647,242.32539289766282,132.60266743833563,373.3937549672314,231.50923143504963,230.2815949054674,124.47949934621083,356.5773561165251,61.19534636386949,58.45565933075285,20.4603040342594,120.7340006101516,4.421346918173105,4.4008440697944025,3.370852235722123,5.5445745191005695,235.9305783532215,234.87818225285446,128.81158695601772,360.54625761321216,-753518.6797251881,-748185.55357283,-996564.9996794226,-525353.060537248,-118110.45504632832,-118567.79254426273,-136574.98293328457,-98329.87891347805,-45106.280211834935,-44285.70803440813,-66719.37077907851,-27666.97627335781,-163216.73525816324,-163333.45092417733,-193557.40763768033,-131628.47189738497,-916735.4149833514,-911269.1969113976,-1172891.1049489796,-678180.0193855343,0,0,0,0,18540880,18540880,18540880,18540880,18540880,18540880,18540880,18540880,17624144.58501665,17629610.8030886,17367988.89505102,17862699.98061447,-726366.487516618,-721120.1365504186,-961594.5529761991,-508082.21051343373,-113877.01428946413,-114419.81720431929,-131594.2544969781,-94759.64383704904,-43509.554695250525,-42708.207229333326,-64342.898853684754,-26715.621986538812,-157386.56898471466,-157595.26955738827,-186612.45565025744,-126743.21267965378,-883753.0565013327,-879453.0558727747,-1130572.5954063789,-655203.303693525,0,0,0,0,18540880,18540880,18540880,18540880,18540880,18540880,18540880,18540880,17657126.943498667,17661426.944127224,17410307.40459362,17885676.696306475,0,0,0,0,218128,218128,218128,218128,0,0,0,0,218128,218128,218128,218128,80284.63376104989,75250.01503598034,48608.063133574826,137716.88432094746,85,85,85,85,25.6838398718448,25.525271500453762,15.439226919935518,37.90624187029273,36.49999269739776,36.29100716995599,21.37826949315274,54.479186653695535,10.067881803996665,9.893429889976066,6.0349668363395645,15.544135352845577,13.076055595625553,12.793973270790236,7.324684205146472,21.291340910361217,25.525271500453762,26.26171975786317,9.893429889976066,8.872629565593567,25.525271500453762,8.872629565593567
