Scenario,Agp0,Arm,Year0,N0,dYear_Life_A,dYear_Life_M,dYear_Life_L,dYear_Life_U,dYear_Immunised_A,dYear_Immunised_M,dYear_Immunised_L,dYear_Immunised_U,dRisk_HZ_A,dRisk_HZ_M,dRisk_HZ_L,dRisk_HZ_U,dRisk_Hosp_A,dRisk_Hosp_M,dRisk_Hosp_L,dRisk_Hosp_U,dRisk_PHN_A,dRisk_PHN_M,dRisk_PHN_L,dRisk_PHN_U,dRisk_Death_A,dRisk_Death_M,dRisk_Death_L,dRisk_Death_U,dQ_Life_A,dQ_Life_M,dQ_Life_L,dQ_Life_U,dQ_HZ_A,dQ_HZ_M,dQ_HZ_L,dQ_HZ_U,dQ_All_A,dQ_All_M,dQ_All_L,dQ_All_U,dQ_HZ_d_A,dQ_HZ_d_M,dQ_HZ_d_L,dQ_HZ_d_U,dQ_Life_d_A,dQ_Life_d_M,dQ_Life_d_L,dQ_Life_d_U,dQ_All_d_A,dQ_All_d_M,dQ_All_d_L,dQ_All_d_U,dC_Hosp_A,dC_Hosp_M,dC_Hosp_L,dC_Hosp_U,dC_GP_NonPHN_A,dC_GP_NonPHN_M,dC_GP_NonPHN_L,dC_GP_NonPHN_U,dC_GP_PHN_A,dC_GP_PHN_M,dC_GP_PHN_L,dC_GP_PHN_U,dC_GP_A,dC_GP_M,dC_GP_L,dC_GP_U,dC_Med_A,dC_Med_M,dC_Med_L,dC_Med_U,dC_VacZVL_A,dC_VacZVL_M,dC_VacZVL_L,dC_VacZVL_U,dC_VacRZV_A,dC_VacRZV_M,dC_VacRZV_L,dC_VacRZV_U,dC_Vac_A,dC_Vac_M,dC_Vac_L,dC_Vac_U,dC_All_A,dC_All_M,dC_All_L,dC_All_U,dC_Hosp_d_A,dC_Hosp_d_M,dC_Hosp_d_L,dC_Hosp_d_U,dC_GP_NonPHN_d_A,dC_GP_NonPHN_d_M,dC_GP_NonPHN_d_L,dC_GP_NonPHN_d_U,dC_GP_PHN_d_A,dC_GP_PHN_d_M,dC_GP_PHN_d_L,dC_GP_PHN_d_U,dC_GP_d_A,dC_GP_d_M,dC_GP_d_L,dC_GP_d_U,dC_Med_d_A,dC_Med_d_M,dC_Med_d_L,dC_Med_d_U,dC_VacZVL_d_A,dC_VacZVL_d_M,dC_VacZVL_d_L,dC_VacZVL_d_U,dC_VacRZV_d_A,dC_VacRZV_d_M,dC_VacRZV_d_L,dC_VacRZV_d_U,dC_Vac_d_A,dC_Vac_d_M,dC_Vac_d_L,dC_Vac_d_U,dC_All_d_A,dC_All_d_M,dC_All_d_L,dC_All_d_U,dN_VacZVL_A,dN_VacZVL_M,dN_VacZVL_L,dN_VacZVL_U,dN_VacRZV_A,dN_VacRZV_M,dN_VacRZV_L,dN_VacRZV_U,dN_VacZVL_d_A,dN_VacZVL_d_M,dN_VacZVL_d_L,dN_VacZVL_d_U,dN_VacRZV_d_A,dN_VacRZV_d_M,dN_VacRZV_d_L,dN_VacRZV_d_U,ICER_A,ICER_M,ICER_L,ICER_U,Price0_A,Price0_M,Price0_L,Price0_U,Thres20_A,Thres20_M,Thres20_L,Thres20_U,Thres30_A,Thres30_M,Thres30_L,Thres30_U,Thres20_50,Thres30_90,Thres
"Vac[60,65)","[60,65)",Vac,2024,1,3.778820899988133e-4,0.00033138836523249893,1.492943208851294e-4,7.641034227884091e-4,14.627798956874184,14.188274821429335,10.215531284723253,20.445309411060993,-0.11343840965710522,-0.10905137637127543,-0.16630136738240617,-0.07413021429853718,-0.0028147129578702697,-0.0024332665800811566,-0.005778143431665536,-0.0011334305804095888,-0.007448743622858374,-0.007058700292070447,-0.012022750149849647,-0.004144905373084897,-5.772710679757059e-7,-5.209891792961894e-7,-1.1455676622280377e-6,-1.6771960149454228e-7,934.7752742390335,823.4118384830654,373.3723966607824,1877.335720469989,43533.70183095847,41364.02696826552,26767.238739036242,67860.09497796491,44468.47710519733,42206.583792984486,27138.15192655474,69461.79613286833,30224.1058833915,29244.778621729405,20765.71963662373,42951.290457960866,410.9209086905643,371.73548464104533,187.03861626479775,772.0956177448853,30635.026792081797,29610.25586906448,20963.866367231123,43659.08802286089,-30867683.059894748,-26340833.856986858,-66073104.21762722,-11328342.52772208,-34629807.250106454,-33357416.73446853,-49986078.691193484,-23073202.060812563,-10872349.14680965,-10336848.749808587,-17526260.42784635,-6131359.223794933,-45502156.39691611,-43852909.60565789,-67271518.70689464,-29122212.365551088,-76369839.45681086,-69858936.98147714,-133911361.88455036,-40559985.62495606,0,0,0,0,599682650,599682650,599682650,599682650,599682650,599682650,599682650,599682650,523312810.54318917,529823713.01852286,465771288.1154498,559122664.3750439,-17181604.764256157,-15338660.621737368,-33017130.725901727,-7803163.279014807,-24884280.040314425,-24363594.48285488,-32731133.66112583,-18232862.66569897,-7276640.290021424,-7038019.938524936,-10658447.244510986,-4676620.34123145,-32160920.33033585,-31499036.072906684,-43378885.29351313,-22986248.634875186,-49342525.094592005,-46869919.306619175,-76194300.98076439,-31290092.641014516,0,0,0,0,599682650,599682650,599682650,599682650,599682650,599682650,599682650,599682650,550340124.905408,552812730.6933808,523488349.0192356,568392557.3589855,0,0,0,0,7055090,7055090,7055090,7055090,0,0,0,0,7055090,7055090,7055090,7055090,18751.58319946157,18652.918866901644,12028.267882565146,27051.89253159468,85,85,85,85,93.83906667898324,90.63956063539007,64.086169799469,134.09243368164073,137.26165489838485,132.6463065591377,93.76938259339597,195.9182641841359,90.63956063539007,104.94130319151111,90.63956063539007
"Vac[60,65)","[60,65)",Vac1,2024,1,5.241786337539906e-4,5.088064453264707e-4,2.462077382287653e-4,8.479485833303713e-4,17.967588424297052,17.924676556264473,13.41316240379241,22.180327088636833,-0.14208721800720003,-0.14110600908629756,-0.18073851811787944,-0.09968245413802507,-0.0039131877492162605,-0.0037790693648128556,-0.006368649128845246,-0.001821015148340861,-0.009668048801965867,-0.009646431047254364,-0.013179581384768966,-0.006013261824773373,-7.766120114178359e-7,-7.977551205403716e-7,-1.1862738616072383e-6,-2.983407683156063e-7,1293.8789070508406,1257.5626386478543,613.8987970283255,2082.1751722477375,55290.9156287717,54801.49775894756,36727.96153749115,74969.77155100957,56584.7945358224,56059.746631234884,37381.40336163472,77050.25664768238,37063.86446465593,36854.370363324866,27181.335115254435,47012.051176440036,554.8795525599569,546.8280012607574,290.63406958207486,853.4031834531575,37618.744017215715,37427.272012002766,27516.40580552574,47786.287858511874,-43536044.35489608,-42007830.28805043,-73156431.87548146,-18741316.847839944,-43144430.64468752,-42931092.58728725,-54384036.76824176,-30805281.07937303,-14070794.745771548,-14040225.694387909,-19359339.696132768,-8884834.931895548,-57215225.39045906,-57069326.191643044,-73236519.73633394,-39687542.555090405,-100751269.74535514,-98605567.46298715,-145341190.1740997,-58263063.700946525,0,0,0,0,299841325,299841325,299841325,299841325,299841325,299841325,299841325,299841325,199090055.25464487,201235757.53701285,154500134.82590023,241578261.2990535,-23381416.281080537,-22785958.300337084,-36256291.71775477,-12097072.940465273,-30008684.006401725,-29991502.795270585,-35600334.13109219,-23610785.93545462,-9104318.719677838,-9119443.588761486,-11704578.58084791,-6412704.184819084,-39113002.72607956,-39290273.01382193,-46872868.89999804,-29936217.614238746,-62494419.007160105,-61859861.28794772,-82611297.03301114,-42092257.320942864,0,0,0,0,299841325,299841325,299841325,299841325,299841325,299841325,299841325,299841325,237346905.9928399,237981463.7120523,217230027.96698886,257749067.6790571,0,0,0,0,3527545,3527545,3527545,3527545,0,0,0,0,3527545,3527545,3527545,3527545,6492.882667278059,6338.605561904849,4584.106627638507,9295.00108521289,85,85,85,85,231.0018155265133,230.44806229346725,168.5353141621229,294.17721315340145,337.6446620875514,336.4954901163193,246.61092187089884,429.6795645161881,230.44806229346725,273.40754561835666,230.44806229346725
"Vac[65,70)","[65,70)",Vac,2024,1,4.645744540192638e-4,4.367056227430055e-4,2.450908449339373e-4,7.799304578678168e-4,13.017609261441798,12.759176882703006,9.689365540073284,16.987698085951358,-0.10964774538818357,-0.10726558806349246,-0.14628409939630913,-0.07848397325908646,-0.003431998775397983,-0.0032256877247592796,-0.005895954405278705,-0.0017328076005606072,-0.008116322854003767,-0.007904781007924338,-0.011458153980913596,-0.0053928658915158925,-7.359470739227801e-7,-7.089479621294618e-7,-1.1939628590378427e-6,-3.2830019033475107e-7,962.3402965012938,906.2473686411977,510.91886469814926,1606.0429376127197,36957.95553107531,35854.49106251067,25153.739731829224,51860.38165619915,37920.29582757675,36774.216716215014,25723.237241138333,53339.30655419473,27155.731302443473,26699.93446081797,20103.10756341222,35725.66783620216,481.7247180757858,458.820542819798,274.7240526483394,760.8250613540412,27637.45602051913,27110.749371720478,20397.2070550642,36487.48279248923,-32404711.914479036,-30273181.946711898,-57366551.20611532,-15601018.473198297,-27700563.911144312,-27155792.10925114,-36515702.02152108,-20217889.720050257,-9907276.041943604,-9689460.858884599,-14073841.075930774,-6592422.351879928,-37607839.95308792,-36885976.788388714,-50325090.075604014,-26673984.66181578,-70012551.86756694,-66777923.62220395,-107704878.4476573,-42700898.407140374,0,0,0,0,504135850,504135850,504135850,504135850,504135850,504135850,504135850,504135850,434123298.13243306,437357926.37779605,396430971.5523428,461434951.59285957,-20224191.79791943,-19119716.4737112,-32769894.05664449,-11203001.747851266,-20878770.61338366,-20663276.90759156,-25976195.678461082,-16254628.024348343,-7158946.664244208,-7094597.316763873,-9503338.756548619,-5185433.11608657,-28037717.277627867,-27730568.835725877,-35084336.02115524,-21419727.340550184,-48261909.0755473,-46908083.50133653,-67973327.74886887,-33087891.683455072,0,0,0,0,504135850,504135850,504135850,504135850,504135850,504135850,504135850,504135850,455873940.9244527,457227766.4986635,436162522.2511311,471047958.31654495,0,0,0,0,5931010,5931010,5931010,5931010,0,0,0,0,5931010,5931010,5931010,5931010,16945.157750740393,16864.388630213012,12051.753488635872,23045.71381996611,85,85,85,85,101.33367326744178,99.3586941313639,74.52555905145854,134.475784457834,147.93190193426096,145.12717713865888,108.91634081554966,196.40557710833943,99.3586941313639,119.60608072336437,99.3586941313639
"Vac[65,70)","[65,70)",Vac1,2024,1,6.122601377155057e-4,6.077367565708869e-4,3.76312996312933e-4,8.588965663084202e-4,15.659367156433362,15.734632163966088,12.502848878167631,18.32599330877158,-0.13335701437610423,-0.13357452274163065,-0.15801640042074186,-0.10345761210391091,-0.004550137736166011,-0.0045212554121395205,-0.006508504835289269,-0.0026486976058852554,-0.010079270416052324,-0.010107321796030798,-0.012534361821520403,-0.0073269808455326164,-9.299234111602327e-7,-9.531361453520239e-7,-1.2447562416329036e-6,-5.229341428817042e-7,1266.0903029952644,1257.6226153224707,782.9212513282895,1769.3715545212851,45417.756120906015,45357.95596805382,33541.76733173764,57046.62929093993,46683.846423901596,46637.464937359095,34461.83063901756,58794.45851480179,32461.138479140332,32424.28870946207,25620.179163301604,39077.9606264889,620.4310205898918,618.645908376202,407.84223385574296,842.2648990143091,33081.56949973023,33054.57951082289,26087.450208953673,39840.48718161304,-43470285.43050045,-43195383.7565093,-63345712.056002036,-24247168.846232727,-33535661.271183778,-33602556.90985197,-39614456.239701964,-26349664.960467,-12266883.014943367,-12358369.603868123,-15448310.734487727,-8953040.25717302,-45802544.28612714,-46062436.05022307,-54489212.723032705,-35239375.75286011,-89272829.7166276,-89171544.6989896,-117070940.74553506,-59790517.07102065,0,0,0,0,252067925,252067925,252067925,252067925,252067925,252067925,252067925,252067925,162795095.2833724,162896380.30101043,134996984.25446492,192277407.92897937,-26297327.071713783,-26166660.104888055,-36334143.62882417,-16550813.277390162,-24636551.98202372,-24710009.55623039,-27932733.42454543,-20626224.30718974,-8635029.194807198,-8689940.256416608,-10392357.660961496,-6791283.838861611,-33271581.176830918,-33394245.909570158,-38035839.33987786,-27332980.778073538,-59568908.2485447,-59600346.734695986,-73382533.15175465,-44253117.98650895,0,0,0,0,252067925,252067925,252067925,252067925,252067925,252067925,252067925,252067925,192499016.7514553,192467578.26530403,178685391.84824532,207814807.01349106,0,0,0,0,2965505,2965505,2965505,2965505,0,0,0,0,2965505,2965505,2965505,2965505,5919.120453443078,5827.096242394502,4546.678650772361,7907.769046272047,85,85,85,85,243.1964532999099,243.0644600797383,191.50426553192727,292.3756695420062,354.7510434952737,354.47326471241854,279.7295144120753,427.0412190462376,243.0644600797383,303.13768733444556,243.0644600797383
"Vac[70,75)","[70,75)",Vac,2024,1,5.518369658551024e-4,5.377982370440293e-4,3.6424317176066975e-4,7.880193019336623e-4,11.163430084120922,11.06658198695342,8.81807853052351,13.583221470372987,-0.1004325024752215,-0.09933105636884382,-0.12370812444362614,-0.07863744664653519,-0.004094432084655744,-0.003985013359544055,-0.005981299818882264,-0.002567382851813886,-0.008283514319684951,-0.008224189949099656,-0.010507865155177655,-0.006260890231029913,-9.212508982120996e-7,-9.219897763637642e-7,-1.2677353249515113e-6,-5.735947686046503e-7,1022.2226877656691,997.4313207343221,677.7134685321711,1453.2807978839614,31727.493950428434,31318.008838737856,23752.04914852459,40928.48226380328,32749.716638194102,32274.812512278557,24446.67349968376,42419.155926320054,24636.04611185863,24445.88072212974,19463.69226465661,30524.652896437467,578.6153624218367,567.0108025297523,402.12985673695806,792.9071041353047,25214.66147428057,24977.92769644782,19887.45578037407,31280.355220001842,-35636438.59192073,-34662901.83492308,-53050565.764573775,-21759666.483383693,-22347359.852540415,-22171184.815068558,-27376009.307065114,-17618532.617737234,-9004858.232846728,-8963028.355727162,-11411350.549910685,-6772067.127425545,-31352218.08538714,-31171163.18376692,-38544117.73003217,-24536215.367645018,-66988656.677307874,-65634805.593568705,-91040036.7008966,-46815848.199929774,0,0,0,0,452594740,452594740,452594740,452594740,452594740,452594740,452594740,452594740,385606083.3226921,386959934.4064313,361554703.2991034,405778891.8000703,-24752854.07513014,-24189050.584750243,-34949184.86688323,-16334317.579376088,-17663647.220778942,-17613415.578047052,-20782408.931292374,-14625645.275618423,-6991040.453822057,-6986547.262742188,-8573550.055564765,-5485032.231793528,-24654687.674601,-24644739.066233605,-29073625.574068952,-20116026.514007207,-49407541.74973114,-48667827.54382596,-63468583.35295609,-37071059.71010378,0,0,0,0,452594740,452594740,452594740,452594740,452594740,452594740,452594740,452594740,403187198.2502689,403926912.456174,389126156.6470439,415523680.28989625,0,0,0,0,5324644,5324644,5324644,5324644,0,0,0,0,5324644,5324644,5324644,5324644,16245.411799472351,16171.17706921927,12534.989601411626,20867.710685150858,85,85,85,85,103.98831757303259,103.02723571646123,81.7452322093269,128.85603419270637,151.34296038911677,150.15027275288622,119.22496024279326,187.6038755944659,103.02723571646123,128.38829390721483,103.02723571646123
"Vac[70,75)","[70,75)",Vac1,2024,1,6.866710807049099e-4,6.869620444174274e-4,5.070105459239471e-4,8.644236387343795e-4,13.108966736052599,13.16918775570886,11.179797940656837,14.609381856624696,-0.11839658012604913,-0.11888395204891819,-0.1328739443049839,-0.09994051217133033,-0.005134364763732176,-0.005122003596391266,-0.006613796680067648,-0.0035833035022478747,-0.009839078135236368,-0.009883858349215369,-0.01144052459549963,-0.008034944518872123,-1.082630100704389e-6,-1.0918816439452997e-6,-1.3216807186111859e-6,-7.938916078080579e-7,1270.1140529743209,1270.1566734835505,942.5286151734181,1592.8184992398135,37666.11557150918,37681.79606531297,30145.7501792753,44746.1486284604,38936.22962448347,38982.29971592873,31187.099999893177,46214.267572982324,28659.854876568414,28703.782436301215,23663.860288762324,33424.276720335074,707.5295184310228,707.9083271212876,545.3049129106105,866.7838193819858,29367.384394999575,29412.129597930238,24242.211542195266,34220.154200181736,-45063463.36768329,-44964093.283913404,-58714944.088341445,-30576037.538882535,-26255041.166100956,-26357070.246920954,-29397964.164797563,-22384196.584179852,-10667005.002443979,-10715209.49295634,-12598267.754179643,-8723838.961453103,-36922046.16854493,-37077163.763928905,-41468323.98526651,-31161457.69288648,-81985509.53622822,-82267240.89122725,-99203234.44928516,-62509554.94517322,0,0,0,0,226297370,226297370,226297370,226297370,226297370,226297370,226297370,226297370,144311860.46377176,144030129.10877275,127094135.55071488,163787815.05482677,-30540121.7495251,-30453761.825849604,-38489611.30600424,-22317906.136924673,-20364168.210286964,-20417948.005324133,-22284778.981819566,-18028603.75556201,-8128243.899278709,-8146352.841638271,-9407595.854849339,-6856985.561911896,-28492412.10956567,-28612306.094928972,-31261579.004966952,-24960511.793230817,-59032533.85909077,-59108471.5721911,-69224900.50840689,-47561921.38300182,0,0,0,0,226297370,226297370,226297370,226297370,226297370,226297370,226297370,226297370,167264836.14090922,167188898.42780888,157072469.49159312,178735448.6169982,0,0,0,0,2662322,2662322,2662322,2662322,0,0,0,0,2662322,2662322,2662322,2662322,5751.739214851716,5703.766640218904,4691.397199466457,7225.380048918949,85,85,85,85,242.7881457461127,242.91660461267918,201.92938578466536,281.1352393653673,353.0955555748245,353.6509239213028,292.97455097790544,409.3759596277773,242.91660461267918,313.3452820294698,242.91660461267918
"Vac[75,80)","[75,80)",Vac,2024,1,6.151499485639303e-4,6.107154451999719e-4,4.6865556112849486e-4,7.778693287812111e-4,9.243299108792373,9.225720706730542,7.771303681310278,10.639171175013319,-0.08644852885926091,-0.08651346598177892,-0.0996878679856841,-0.07235574226079242,-0.004625699520335213,-0.004567032839669721,-0.006069146092433304,-0.0032968200105465894,-0.007656956337440641,-0.0076507672398520655,-0.009116209877840049,-0.0062850659585038425,-1.096625355077913e-6,-1.0972186726169515e-6,-1.3585885876572514e-6,-8.335331381615536e-7,1034.3272841336577,1026.201087128371,791.4688738787546,1303.1685007844121,25872.67018211622,25746.80878649121,20788.414915492136,31511.397326077742,26906.997466249846,26805.71461621113,21581.476978120114,32696.670868385398,21107.911905256668,21064.665735400537,17373.995241368666,25110.07005234152,653.6923010263666,650.4824406392872,514.3316740099341,809.6065951230005,21761.60420628301,21708.147295987234,17917.694444897585,25864.649874396342,-37664095.27266218,-37082748.20431833,-49685345.13207865,-26554279.803035293,-17161144.76217813,-17181648.518637042,-19726536.227804005,-14433861.908724712,-7489580.91831772,-7498297.809913395,-8989125.603913255,-6067173.538060625,-24650725.68049585,-24650373.46039115,-28565813.91505219,-20757567.169850532,-62314820.95315803,-61865603.510238826,-77529242.65232298,-48097302.850301884,0,0,0,0,412011660,412011660,412011660,412011660,412011660,412011660,412011660,412011660,349696839.046842,350146056.48976123,334482417.34767705,363914357.1496981,-28667470.14221372,-28333387.105566554,-36852608.40711273,-21021972.534395337,-14163319.519549893,-14177265.412075633,-15892353.329065958,-12334301.621602418,-6168758.873697397,-6160069.0786366,-7281005.466526537,-5108786.233843126,-20332078.39324729,-20359482.616544,-23053445.28436128,-17598195.327990614,-48999548.53546101,-48796744.971700944,-58959851.67219474,-39118878.464580536,0,0,0,0,412011660,412011660,412011660,412011660,412011660,412011660,412011660,412011660,363012111.464539,363214915.02829903,353051808.3278053,372892781.53541946,0,0,0,0,4847196,4847196,4847196,4847196,0,0,0,0,4847196,4847196,4847196,4847196,16844.683867414406,16734.728287771555,13784.501534936942,20624.375346366556,85,85,85,85,99.89932997574705,99.59109589617353,82.69129942178314,118.16032372963451,144.79457292916385,144.2553043610211,119.67376088238807,171.61144247286782,99.59109589617353,127.45283323623887,99.59109589617353
"Vac[75,80)","[75,80)",Vac1,2024,1,7.248235852872948e-4,7.225714425542762e-4,5.963537461489476e-4,8.593214451034115e-4,10.592489604288259,10.635402131989036,9.531424461568552,11.383780906274193,-0.09904263805766708,-0.09934406027150644,-0.10698915284956939,-0.08905461440875652,-0.00550257548336851,-0.005486120046755686,-0.00670831485100128,-0.004316127770542798,-0.008769740049328201,-0.008778479279916793,-0.00989298766445039,-0.007636970652252352,-1.2076806282174642e-6,-1.2038462041566066e-6,-1.4236759687776043e-6,-1.0036483771520844e-6,1216.8010514486693,1213.0757703073323,1005.8636319509707,1442.3079352493398,29766.797909029345,29881.047957911294,25087.096361859913,34392.375390110814,30983.59896047801,31085.50905557163,26199.55954863224,35697.163014441074,23950.299818043448,24021.9413115669,20374.505977641657,27409.81435615723,761.0789645339995,758.4314062763005,639.9341209659353,888.9785364609211,24711.378782577533,24764.020163251087,21162.783320793696,28213.134549413808,-45025499.958355136,-44899784.78726797,-55160868.065047555,-34931838.57586853,-19618912.63939225,-19669218.376948223,-21267321.4335859,-17750965.90402862,-8559745.177478675,-8563571.133643806,-9832613.45472609,-7350286.599657496,-28178657.816870924,-28273710.479119986,-30635937.573147118,-25310224.65196724,-73204157.77522606,-73203724.76931494,-84800494.09450448,-60608517.30768289,0,0,0,0,206005830,206005830,206005830,206005830,206005830,206005830,206005830,206005830,132801672.22477394,132802105.23068506,121205335.90549552,145397312.6923171,-33683092.725813754,-33578434.715137124,-40845003.313382655,-26778497.323025756,-15981925.292697698,-16016356.82417034,-17133684.946707737,-14700937.13417666,-6962768.8581727035,-6951233.812638191,-7927316.910844054,-6043884.8744118335,-22944694.1508704,-22993108.372188218,-24647692.567161895,-21019985.741694167,-56627786.87668415,-56607717.497801185,-64436826.05295645,-48292026.87007235,0,0,0,0,206005830,206005830,206005830,206005830,206005830,206005830,206005830,206005830,149378043.12331584,149398112.50219882,141569003.94704354,157713803.12992764,0,0,0,0,2423598,2423598,2423598,2423598,0,0,0,0,2423598,2423598,2423598,2423598,6083.467916782633,6026.891915606026,5163.100867848316,7307.671862048626,85,85,85,85,227.28825594353304,227.94665463288902,196.07856380092196,258.12211514692376,329.24979734840934,330.22004955602006,283.6235871088768,374.5434383916497,227.94665463288902,299.320601916178,227.94665463288902
"Vac[80,85)","[80,85)",Vac,2024,1,6.306680187073112e-4,6.297964101982245e-4,5.226832577612139e-4,7.451315518959056e-4,7.2117682056325485,7.246931863400064,6.423043372872583,7.940256209803446,-0.06809418010668027,-0.06825098868457034,-0.0749178831452621,-0.06063519742727877,-0.0048305305014559145,-0.0047898340165715685,-0.005925487183700311,-0.0038130024830591584,-0.006139108112772195,-0.006131951377598675,-0.007076210221121716,-0.0052437044627456145,-1.2308240778444725e-6,-1.229885464936043e-6,-1.468711483834747e-6,-1.0275470633191485e-6,656.563068086803,655.6010083584115,545.2057268155739,775.2848987811711,13196.587353675672,13179.601265467987,11092.140774629259,15435.990806824164,13853.150421762604,13826.47051316686,11685.104385011644,16199.00656470363,11283.198672362116,11261.351630356696,9580.037574817361,13089.931504777249,461.6176067060828,460.80108863767236,386.6258011320606,542.7467164542992,11744.816279068202,11732.48410449922,10009.70192891797,13577.815378608087,-25232485.658007983,-25030285.825678878,-31016641.50151541,-19844006.20345573,-8243533.759948212,-8264968.598289174,-9089332.337465916,-7344924.421292099,-3672354.8659928334,-3657696.3940498745,-4314202.287378993,-3125915.9525389946,-11915888.625941046,-11944629.273761598,-13300263.722309632,-10559179.783864802,-37148374.28394903,-37036422.5819758,-43868854.30317133,-30762254.124716885,0,0,0,0,256444490,256444490,256444490,256444490,256444490,256444490,256444490,256444490,219296115.71605098,219408067.41802418,212575635.69682866,225682235.8752831,-20808136.84755512,-20653139.157336902,-25591407.76699141,-16542312.995769905,-7093033.979806977,-7110203.7478382075,-7750401.377827769,-6346371.546926215,-3174923.7687443295,-3162587.376454432,-3697965.4616406625,-2704892.1164564006,-10267957.748551307,-10285094.799211457,-11364487.79225377,-9187364.110939164,-31076094.596106425,-30944552.14925296,-36255686.38830916,-26215595.51954775,0,0,0,0,256444490,256444490,256444490,256444490,256444490,256444490,256444490,256444490,225368395.40389356,225499937.85074705,220188803.61169085,230228894.48045227,0,0,0,0,3016994,3016994,3016994,3016994,0,0,0,0,3016994,3016994,3016994,3016994,19324.59838468522,19179.396703237442,16375.858553893544,22851.64866505723,85,85,85,85,88.15808721444937,88.21620195401215,75.54371837349412,101.36311516887163,127.08695574739376,127.0772024721415,108.70763655490823,146.50880956951357,88.21620195401215,113.94858512931789,88.21620195401215
"Vac[80,85)","[80,85)",Vac1,2024,1,7.077927890297122e-4,7.065078760888355e-4,6.037419748937456e-4,8.314895591336136e-4,8.064118634358604,8.099558644355437,7.5561891230269564,8.429222572260477,-0.07601524656614234,-0.07603027731193818,-0.08026998408565342,-0.07095427890508757,-0.005488372727920476,-0.005467160731957037,-0.006570837241813098,-0.0044676175217233825,-0.006835316550313143,-0.006828261693052786,-0.0076879631340693805,-0.006043941614474401,-1.2907117959963775e-6,-1.2921208107971251e-6,-1.5246316186549167e-6,-1.0957521363325665e-6,735.6411191814915,734.4589863801375,627.1787208154798,863.0072399684693,14758.862253849165,14767.686160212132,12716.58748053648,16858.197802338294,15494.503373030708,15495.209441859275,13439.48321921085,17604.969887148916,12514.102231862205,12519.647208161212,10848.766288408846,14263.256409495181,514.4922801308129,513.811033920385,440.7910622676369,601.3010861805174,13028.594511993038,13024.644979077391,11339.753326749056,14798.53253415795,-28723265.647590384,-28631732.87805631,-34445842.42782282,-23302242.09939357,-9192208.112311494,-9195477.736170195,-9747992.46243911,-8564111.938176481,-4083258.8897165805,-4064718.169722534,-4687694.369406262,-3573638.495628359,-13275467.002028074,-13295894.291469831,-14197892.010537112,-12309500.81775435,-41998732.64961846,-41870420.8224165,-47799941.6417046,-36414600.21749346,0,0,0,0,128222245,128222245,128222245,128222245,128222245,128222245,128222245,128222245,86223512.35038154,86351824.1775835,80422303.35829541,91807644.78250654,-23449302.458111443,-23370296.487240512,-28116540.069199894,-19191885.97507447,-7846248.445218523,-7844336.432913063,-8280387.391514388,-7387325.4274419015,-3503795.010281715,-3484932.743160446,-3989803.5754848775,-3082406.0965750637,-11350043.455500238,-11359278.162571533,-12103315.413873304,-10593747.980308458,-34799345.91361168,-34693875.84203218,-39549118.948466234,-30496221.613831513,0,0,0,0,128222245,128222245,128222245,128222245,128222245,128222245,128222245,128222245,93422899.08638832,93528369.15796782,88673126.05153376,97726023.3861685,0,0,0,0,1508497,1508497,1508497,1508497,0,0,0,0,1508497,1508497,1508497,1508497,7207.634174474697,7163.940765418049,6247.634063111196,8433.905230719934,85,85,85,85,195.8049874500728,195.83729530442037,172.01283881384967,219.69558122028906,282.17303797979235,282.2128256055676,247.48411508224828,317.7093364426409,195.83729530442037,257.98295325754356,195.83729530442037
"Vac[85,90)","[85,90)",Vac,2024,1,5.521068199298806e-4,5.497803821681302e-4,4.584120972446648e-4,6.632835343159282e-4,5.378364680163639,5.404649773900182,4.904969817816701,5.7636161095633875,-0.049829146874547245,-0.05000042125957858,-0.05374647159663782,-0.04550953496122481,-0.004527442937264319,-0.004522632388684443,-0.005537852113214766,-0.0036112355874608156,-0.004341769376610193,-0.004333526961948711,-0.005114619738632713,-0.003613564158135776,-1.2249358341407607e-6,-1.225019868932034e-6,-1.4721475755821223e-6,-1.0278665670587778e-6,353.94521327137386,352.37381390389055,293.86859610930554,425.2882291982882,6224.8469679248055,6222.311864885227,5262.1729699708285,7247.717078919472,6578.792181196163,6576.418308030348,5584.468032310345,7630.936686555646,5546.114718493321,5542.522229297505,4684.764116136938,6448.889718015982,273.4405968046165,272.05519113107584,227.28016792397247,329.69646163283613,5819.555315297934,5809.8689065568615,4945.9092838592005,6749.214230706578,-15134420.535011385,-15120231.817134175,-18510789.419163313,-12069349.40875361,-3692890.086820379,-3705410.456163207,-3986900.4536078307,-3332774.572200205,-1584509.6687536081,-1581906.832218318,-1885546.6057573243,-1304886.8711280727,-5277399.755573987,-5286398.225839153,-5776391.133650474,-4756042.120458667,-20411820.290585373,-20388260.829398267,-23933905.180264596,-17141354.870284714,0,0,0,0,159896730,159896730,159896730,159896730,159896730,159896730,159896730,159896730,139484909.70941463,139508469.17060173,135962824.8197354,142755375.1297153,-13289115.41712634,-13260196.716863235,-16361859.28658874,-10545365.000186361,-3297867.266134869,-3311322.3908251664,-3543668.7440803177,-2985735.057290614,-1421550.4788354437,-1417880.9283865434,-1685999.5168416558,-1177610.7816053932,-4719417.744970312,-4725666.352877954,-5157716.4923955295,-4248630.333979513,-18008533.162096653,-18019051.21845401,-21170826.210215256,-15139256.985669674,0,0,0,0,159896730,159896730,159896730,159896730,159896730,159896730,159896730,159896730,141888196.83790335,141877678.781546,138725903.78978476,144757473.0143303,0,0,0,0,1881138,1881138,1881138,1881138,0,0,0,0,1881138,1881138,1881138,1881138,24536.219391515067,24379.589392207414,20974.30542875614,29036.876127661504,85,85,85,85,71.44592234490788,71.4524345373396,61.372795511098545,81.47845212796365,102.38227744112056,102.37852392659659,87.54204084994292,117.4474624821575,71.4524345373396,92.73023457588516,71.4524345373396
"Vac[85,90)","[85,90)",Vac1,2024,1,6.000386757237761e-4,5.988767835729547e-4,5.053354579545033e-4,7.2420641114721e-4,5.88948152373831,5.907454110060378,5.673726504744928,6.062999822714479,-0.05449301714669149,-0.054536237316426095,-0.056967580754740725,-0.05191141026075245,-0.004979540285864721,-0.004969785376881212,-0.005972406545618653,-0.004025168189422302,-0.0047396379407085906,-0.004732289385122989,-0.005521202152503193,-0.003971432438106582,-1.2528143839988266e-6,-1.2513995523125027e-6,-1.5070150428897118e-6,-1.0504771962060677e-6,384.05763595839403,382.9388868669048,323.1685892100679,463.54097691401836,6809.943677301469,6794.6001933332955,5883.069361847728,7761.057600254345,7194.001313259847,7182.739052008372,6257.256222903612,8170.66574696165,6041.361546203853,6030.544241021937,5224.687958508015,6900.2810702996685,296.0953193632495,295.2364548605401,249.53832502741133,357.3099211072316,6337.456865567078,6326.0442782409955,5525.181437996484,7196.861500404414,-16650198.719754132,-16619102.969367895,-19980766.044055514,-13458229.87426888,-4036869.261765757,-4038979.3465516903,-4238891.513657281,-3809205.895385376,-1728627.1034244508,-1720711.2755756208,-2030053.5350081467,-1444352.0093890873,-5765496.365190208,-5768423.426468903,-6131481.209027658,-5402626.375735533,-22415695.08494434,-22398055.02531667,-25672359.5486932,-19129843.30088749,0,0,0,0,79948365,79948365,79948365,79948365,79948365,79948365,79948365,79948365,57532669.91505566,57550309.97468332,54276005.4513068,60818521.69911252,-14549783.621106483,-14520277.068874508,-17470119.568650495,-11686836.569032634,-3589817.1480556475,-3591660.6988153392,-3764902.6136111156,-3392127.2347761723,-1544692.1111472878,-1540180.5195118545,-1808391.6970437334,-1295466.8469746085,-5134509.259202935,-5138073.969568534,-5458808.327367454,-4821364.587234011,-19684292.880309418,-19657776.25267478,-22621666.446204826,-16849273.502169464,0,0,0,0,79948365,79948365,79948365,79948365,79948365,79948365,79948365,79948365,60264072.11969058,60290588.74732522,57326698.553795174,63099091.49783054,0,0,0,0,940569,940569,940569,940569,0,0,0,0,940569,940569,940569,940569,9555.351077243762,9515.946454273013,8285.45733389695,11197.577310165156,85,85,85,85,155.68600516458758,155.43602595127854,136.9031515987466,174.21630152425658,223.0649732739669,222.84771770713533,196.04369362509254,250.6604475906571,155.43602595127854,205.03145128928156,155.43602595127854
"Vac[90,95)","[90,95)",Vac,2024,1,3.2370059940325826e-4,3.220664894012515e-4,2.665555533883923e-4,3.950102289652202e-4,3.852064563442884,3.8717834382561818,3.5027635563060735,4.105709957283667,-0.03438272071336537,-0.03451704252824522,-0.0369577441876801,-0.031193345600973678,-0.003716443667301384,-0.0036936405413970684,-0.004572345751928755,-0.002934932659023277,-0.0028328721535343876,-0.0028342619659782603,-0.003665860481906977,-0.0021049240511585316,-9.034116450573305e-7,-9.013190210573433e-7,-1.0932252194184276e-6,-7.532474236165384e-7,87.81221299610404,87.29836399690248,72.36476809664164,107.26918990317499,1932.172674885532,1929.941817553571,1628.3582715374348,2246.4908318966804,2019.9848878816413,2017.7615208745701,1711.9536548203032,2346.9752220290657,1785.0162860362307,1783.460004059862,1500.6483738781546,2075.1387233193777,73.11938745923014,72.65337937674485,60.23029184561456,89.38195597892627,1858.1356734954707,1855.6356041203253,1570.900385561702,2157.773718111467,-5552737.155119229,-5518667.012855053,-6831540.153875672,-4385081.836950074,-1114486.8471373112,-1118059.3646664643,-1213977.8763930534,-1003487.2807426959,-449623.71563327574,-447692.5029078736,-584336.7265711115,-329547.8220497933,-1564110.5627705872,-1565876.4081937529,-1742126.3016035,-1393173.8215267912,-7116847.7178898165,-7085952.972866263,-8427905.712177614,-5950510.611076674,0,0,0,0,70913460,70913460,70913460,70913460,70913460,70913460,70913460,70913460,63796612.282110184,63827507.02713373,62485554.28782239,64962949.388923325,-5112068.079802674,-5078145.218852125,-6298292.830616796,-4038851.7052353336,-1029830.8181159279,-1032746.1993380638,-1123911.1023730938,-926512.9258652908,-416505.15460265044,-414748.9724168037,-539169.4043156932,-306096.90025450755,-1446335.9727185783,-1448358.4055843838,-1609873.6494403929,-1285639.164451987,-6558404.052521252,-6525993.050964223,-7769237.301221241,-5466896.638024904,0,0,0,0,70913460,70913460,70913460,70913460,70913460,70913460,70913460,70913460,64355055.94747875,64387466.94903578,63144222.69877875,65446563.361975096,0,0,0,0,834276,834276,834276,834276,0,0,0,0,834276,834276,834276,834276,34866.99352035232,34664.13781866939,29583.27945010963,41151.824220181035,85,85,85,85,52.406059292644954,52.391228823136544,44.87931607251192,60.464277209374586,74.67849279780955,74.59505889508779,63.8204198952727,86.07774390836222,52.391228823136544,67.6182006130941,52.391228823136544
"Vac[90,95)","[90,95)",Vac1,2024,1,3.465860815754009e-4,3.4525409615415725e-4,2.886642745709711e-4,4.232870676101674e-4,4.149652044170627,4.159451777145494,3.9993298141967593,4.251047221705201,-0.03701942731189608,-0.03700267698555154,-0.03870156064863604,-0.03526893514967304,-0.0040046438911283,-0.003979625765532827,-0.004889556468784735,-0.003206233188522178,-0.003047779842164594,-0.0030394420888343256,-0.003872758777553427,-0.002284591549204547,-9.153048745163096e-7,-9.114450027253403e-7,-1.1002941171034587e-6,-7.628903483206877e-7,93.8760015161517,93.51535044121556,78.22998875702615,114.5372601157578,2080.240430312744,2076.8238195793056,1791.8205818046777,2375.447900707117,2174.116431828903,2171.9185274587944,1883.225067945686,2467.077912136761,1918.599051791797,1916.291472522989,1651.3473810732353,2189.8634753612314,78.12349904890685,77.79652380850166,65.10231566858711,95.30263148057274,1996.7225508407023,1994.4627709491178,1727.4171001771058,2270.7862708350003,-5983337.00654101,-5945957.434029879,-7305484.572564305,-4790431.861116042,-1199907.8233795776,-1200590.532782365,-1272631.1860287674,-1129055.6828293367,-483645.42730536056,-480467.3708086052,-619747.175482167,-356483.44946822815,-1683553.2506849382,-1681956.949523336,-1834021.8677713275,-1551185.4253073728,-7666890.257225947,-7632246.713394536,-8986693.025538014,-6498836.244518331,0,0,0,0,35456730,35456730,35456730,35456730,35456730,35456730,35456730,35456730,27789839.74277405,27824483.286605462,26470036.974461988,28957893.755481668,-5498952.016648081,-5465451.195152942,-6727855.295572379,-4402561.539694222,-1106915.467732394,-1107787.1551288944,-1174393.209117258,-1041566.5736128034,-447303.6761424272,-444112.3677024182,-571030.0667357468,-331994.5841737265,-1554219.1438748215,-1553840.7549272866,-1691860.1575495459,-1434309.334689451,-7053171.160522902,-7022425.733364811,-8247972.889868323,-5968113.973688279,0,0,0,0,35456730,35456730,35456730,35456730,35456730,35456730,35456730,35456730,28403558.839477096,28434304.266635187,27208757.11013168,29488616.02631172,0,0,0,0,417138,417138,417138,417138,0,0,0,0,417138,417138,417138,417138,14297.776532894664,14233.730174148779,12289.659322967691,16651.42038331615,85,85,85,85,112.64287160924431,112.49926689125934,98.85879829589291,127.06366963576376,160.5100654597375,160.26661362318936,140.7656958698309,181.13795826146824,112.49926689125934,147.38207843651952,112.49926689125934
"Vac[95,100)","[95,100)",Vac,2024,1,1.1848121560367985e-4,1.1759642410003046e-4,9.723649070205732e-5,1.4545586200311877e-4,2.493469145644848,2.5111199596188145,2.262490008467157,2.670937047253081,-0.02139539945496875,-0.02147484724006231,-0.02323128978261403,-0.019163830104102764,-0.0024694798499258637,-0.002451582115183288,-0.0031635838412974703,-0.0018568726518022668,-0.0016704026095216108,-0.0016510524370873102,-0.0024292118150148487,-0.0010594905088168439,-5.345654372065952e-7,-5.31910087642307e-7,-6.443327516736225e-7,-4.4286859037719247e-7,6.612762129451963,6.558530263020657,5.425264712232456,8.125037712258926,314.381552071954,313.3872180474565,264.14689066986114,366.14297371054886,320.9943142014057,319.9671030516038,270.4386172232495,373.4024718185494,301.1860420878907,300.1745228921248,253.1275154039171,350.8939171023899,5.903307585209113,5.854901160535519,4.8427252363682785,7.253756726977008,307.08934967309943,306.1259831674397,258.8008946579139,356.89204961393546,-964687.6436738042,-957695.9998438567,-1235835.2474580426,-725376.2783783126,-180684.23640505798,-181131.76597993413,-198739.15460674406,-161471.98322992274,-68730.92315793515,-68122.79252596837,-100295.17914528941,-43369.412385141564,-249415.15956299313,-249404.53283137907,-284745.0470401067,-216951.33981775286,-1214102.8032367975,-1211044.674459285,-1487936.1448835002,-971841.134377109,0,0,0,0,18540880,18540880,18540880,18540880,18540880,18540880,18540880,18540880,17326777.196763203,17329835.325540714,17052943.855116498,17569038.86562289,-924080.3071071783,-918100.4436184578,-1181502.64744024,-695162.8051591623,-173094.52659272146,-173593.578915815,-190527.58942599225,-154570.2766724688,-65888.25400308652,-65283.32590581646,-95960.18671263753,-41758.05769307415,-238982.780595808,-238915.42927116796,-273098.95598342933,-208319.78394218485,-1163063.0877029863,-1160243.7458811197,-1421264.7846934574,-930345.9919426349,0,0,0,0,18540880,18540880,18540880,18540880,18540880,18540880,18540880,18540880,17377816.912297014,17380636.254118882,17119615.215306543,17610534.008057363,0,0,0,0,218128,218128,218128,218128,0,0,0,0,218128,218128,218128,218128,57008.25233618311,56692.30915790571,48504.214770884806,67502.32614359523,85,85,85,85,33.48882344845675,33.48800255988914,28.456446985295155,38.523371666470155,47.56722464743622,47.55360947870804,40.40436886450433,54.845533217775106,33.48800255988914,42.67306078943838,33.48800255988914
"Vac[95,100)","[95,100)",Vac1,2024,1,1.2587873293877917e-4,1.2519967115220965e-4,1.048423150874056e-4,1.536652549670392e-4,2.6558206779228413,2.664189830388701,2.558685624175892,2.7253843878070807,-0.022787063077770276,-0.022814276136629584,-0.02394132613781713,-0.021541111359561306,-0.0026302895494504114,-0.0026107674083868182,-0.0033423501079615967,-0.002003638795892857,-0.001778718032679788,-0.0017587417612807427,-0.0025676369588149756,-0.0011266368845621638,-5.395599298409182e-7,-5.369073802690551e-7,-6.53212817272549e-7,-4.4836428817631125e-7,7.018994934485585,6.978400681575295,5.843383857807203,8.56922859242186,334.8133214998327,333.1889395148529,286.92199710930004,386.72232999120706,341.8323164343206,340.0548405676964,294.4401790529621,393.73231959418916,320.6550343646841,319.053558278585,274.97420870899623,370.12767639805236,6.265557161747711,6.2291584564663935,5.216022783940571,7.64941862339474,326.92059152643174,325.2648649226903,281.5882554108808,376.579825134173,-1027506.9981702118,-1019880.7896540052,-1305669.2283110372,-782709.6013119224,-192436.31867610544,-192467.07903649524,-206257.41594043342,-178052.92144286024,-73180.32627612459,-72585.22639638721,-106052.88680123776,-45998.873225919655,-265616.64495223004,-265657.27534865536,-296114.8240264291,-240352.14275577865,-1293123.6431224418,-1286883.836013611,-1565955.3381719796,-1052490.8747855697,0,0,0,0,9270440,9270440,9270440,9270440,9270440,9270440,9270440,9270440,7977316.356877558,7983556.1639863895,7704484.661828021,8217949.12521443,-983934.9363841095,-977398.3222814912,-1250153.635782032,-748987.9914877826,-184292.3344889971,-184280.919076411,-197523.49816280586,-170539.17669928045,-70130.98068606452,-69575.00861922957,-101274.7876619503,-44254.86220417695,-254423.3151750616,-254502.12284987583,-283528.4581068349,-230253.81277155367,-1238358.2515591711,-1232355.6855738445,-1500958.1475360799,-1005092.7914046583,0,0,0,0,9270440,9270440,9270440,9270440,9270440,9270440,9270440,9270440,8032081.748440829,8038084.314426156,7769481.85246392,8265347.208595341,0,0,0,0,109064,109064,109064,109064,0,0,0,0,109064,109064,109064,109064,24706.017488988957,24652.245524200076,21221.754700462836,28772.087708313902,85,85,85,85,71.30464756553772,71.14572355137621,62.0713410794119,80.79921649838595,101.27976231709934,100.93351632706444,88.18593522168649,115.3325755370557,71.14572355137621,92.54648805371848,71.14572355137621
