Scenario,Agp0,Arm,Year0,N0,Index,A,M,L,U
"Vac[60,65)","[60,65)",SOC,2024,1,Year_Life,23.261572807776155,23.261588928053733,23.261447378304027,23.2616430754532
"Vac[60,65)","[60,65)",SOC,2024,1,Year_Immunised,0,0,0,0
"Vac[60,65)","[60,65)",SOC,2024,1,Risk_HZ,0.18851241762349455,0.1883256563187488,0.18620118622529694,0.19087229958258073
"Vac[60,65)","[60,65)",SOC,2024,1,Risk_Hosp,0.006293318211578692,0.006220713466562255,0.0058560366583506815,0.007078162797152387
"Vac[60,65)","[60,65)",SOC,2024,1,Risk_PHN,0.013659701746989068,0.013633317542970516,0.013056934766222467,0.014291741202367758
"Vac[60,65)","[60,65)",SOC,2024,1,Risk_Death,1.1084651879437257e-6,1.0708825767048092e-6,1.0279240929854094e-6,1.3097324555864626e-6
"Vac[60,65)","[60,65)",SOC,2024,1,Q_Life,63094717.12298142,63094752.24029221,63094413.73148936,63094891.80689356
"Vac[60,65)","[60,65)",SOC,2024,1,Q_HZ,-106015.9533916052,-108308.45016128049,-138383.77393461508,-67236.67075327145
"Vac[60,65)","[60,65)",SOC,2024,1,Q_HZ_Norm,-40487.19115647247,-38127.06892279831,-72317.4934538689,-9998.56350121183
"Vac[60,65)","[60,65)",SOC,2024,1,Q_All,62924734.42110798,62922536.609153345,62892381.90167744,62963226.10806983
"Vac[60,65)","[60,65)",SOC,2024,1,Q_HZ_d,-67458.32771608236,-68295.57888723532,-88199.39972119234,-42943.412075045504
"Vac[60,65)","[60,65)",SOC,2024,1,Q_HZ_Norm_d,-26987.330869529327,-25602.21271801541,-47688.66713825529,-6682.326085006651
"Vac[60,65)","[60,65)",SOC,2024,1,Q_Life_d,42596280.654901646,42596294.009161204,42596144.31472988,42596360.05780631
"Vac[60,65)","[60,65)",SOC,2024,1,Q_All_d,42528822.32718557,42528023.06782787,42508090.792713344,42553200.90265483
"Vac[60,65)","[60,65)",SOC,2024,1,C_Hosp,92601141.4796525,91678465.08886424,85781465.01922727,104645911.42724364
"Vac[60,65)","[60,65)",SOC,2024,1,C_GP_NonPHN,61017324.377091885,61065947.36346387,60134747.42832869,61821077.83047004
"Vac[60,65)","[60,65)",SOC,2024,1,C_GP_PHN,21552423.694452584,21389763.63818695,20589536.625085562,22802349.268893808
"Vac[60,65)","[60,65)",SOC,2024,1,C_GP,82569748.07154447,82585358.80975825,81000514.7868696,84064252.50220893
"Vac[60,65)","[60,65)",SOC,2024,1,C_Med,175170889.55119696,173793914.41279083,169393838.33912235,186918229.6444509
"Vac[60,65)","[60,65)",SOC,2024,1,C_VacZVL,0,0,0,0
"Vac[60,65)","[60,65)",SOC,2024,1,C_VacRZV,0,0,0,0
"Vac[60,65)","[60,65)",SOC,2024,1,C_Vac,0,0,0,0
"Vac[60,65)","[60,65)",SOC,2024,1,C_All,175170889.55119696,173793914.41279083,169393838.33912235,186918229.6444509
"Vac[60,65)","[60,65)",SOC,2024,1,C_Hosp_d,45938136.62048671,45340401.76077441,42847537.79360498,51419066.196984425
"Vac[60,65)","[60,65)",SOC,2024,1,C_GP_NonPHN_d,39803964.67668948,39906384.62960498,39079316.07795556,40309609.378830485
"Vac[60,65)","[60,65)",SOC,2024,1,C_GP_PHN_d,13016848.494415881,12973256.082520245,12422478.299408589,13693441.705242326
"Vac[60,65)","[60,65)",SOC,2024,1,C_GP_d,52820813.17110536,52976146.04485411,51693166.46510236,53703474.99821159
"Vac[60,65)","[60,65)",SOC,2024,1,C_Med_d,98758949.79159206,97264630.52777503,96383298.7344515,104206787.18674132
"Vac[60,65)","[60,65)",SOC,2024,1,C_VacZVL_d,0,0,0,0
"Vac[60,65)","[60,65)",SOC,2024,1,C_VacRZV_d,0,0,0,0
"Vac[60,65)","[60,65)",SOC,2024,1,C_Vac_d,0,0,0,0
"Vac[60,65)","[60,65)",SOC,2024,1,C_All_d,98758949.79159206,97264630.52777503,96383298.7344515,104206787.18674132
"Vac[60,65)","[60,65)",SOC,2024,1,N_VacZVL,0,0,0,0
"Vac[60,65)","[60,65)",SOC,2024,1,N_VacRZV,0,0,0,0
"Vac[60,65)","[60,65)",SOC,2024,1,N_VacZVL_d,0,0,0,0
"Vac[60,65)","[60,65)",SOC,2024,1,N_VacRZV_d,0,0,0,0
"Vac[60,65)","[60,65)",Vac_1d,2024,1,Year_Life,23.261681942947316,23.26170366932012,23.261542326301498,23.261757193958857
"Vac[60,65)","[60,65)",Vac_1d,2024,1,Year_Immunised,7.203946565672018,7.104542334377906,6.083690535815391,8.336980665760581
"Vac[60,65)","[60,65)",Vac_1d,2024,1,Risk_HZ,0.13726023128281545,0.1383322701316313,0.12502613575630855,0.14756499873004522
"Vac[60,65)","[60,65)",Vac_1d,2024,1,Risk_Hosp,0.005512663928800939,0.005415283769465562,0.004756405794232646,0.006400316337762707
"Vac[60,65)","[60,65)",Vac_1d,2024,1,Risk_PHN,0.0107920206285591,0.010706310567375522,0.00935202842569622,0.01186389848729962
"Vac[60,65)","[60,65)",Vac_1d,2024,1,Risk_Death,9.68133526410512e-7,9.54415786810572e-7,7.825815167537506e-7,1.2001156014118987e-6
"Vac[60,65)","[60,65)",Vac_1d,2024,1,Q_Life,63094994.22144576,63095045.33190412,63094656.34966996,63095178.12296143
"Vac[60,65)","[60,65)",Vac_1d,2024,1,Q_HZ,-77998.62656261679,-81075.06947639445,-101763.37343752747,-49833.480217197015
"Vac[60,65)","[60,65)",Vac_1d,2024,1,Q_HZ_Norm,-28128.250379011846,-26360.11391230704,-48138.86437393152,-7144.1386004437045
"Vac[60,65)","[60,65)",Vac_1d,2024,1,Q_All,62953027.61225948,62950011.91737265,62929361.21033704,62980940.32875343
"Vac[60,65)","[60,65)",Vac_1d,2024,1,Q_HZ_d,-45097.433966184544,-46250.66001787085,-58618.35824776641,-28682.88936619948
"Vac[60,65)","[60,65)",Vac_1d,2024,1,Q_HZ_Norm_d,-16996.963805472988,-15786.512023466319,-29366.404402373104,-4304.99850590178
"Vac[60,65)","[60,65)",Vac_1d,2024,1,Q_Life_d,42596422.343047485,42596441.86979577,42596287.90868903,42596498.49009603
"Vac[60,65)","[60,65)",Vac_1d,2024,1,Q_All_d,42551324.9090813,42550173.18090469,42537847.16546208,42567628.96922045
"Vac[60,65)","[60,65)",Vac_1d,2024,1,C_Hosp,82495910.56184395,81252356.19409189,70589075.58707237,96157105.39892131
"Vac[60,65)","[60,65)",Vac_1d,2024,1,C_GP_NonPHN,43808444.83174581,43996286.87295011,40260306.56752623,47235443.6131119
"Vac[60,65)","[60,65)",Vac_1d,2024,1,C_GP_PHN,16924840.76623362,16845877.305215076,14785029.486626185,18901896.390984412
"Vac[60,65)","[60,65)",Vac_1d,2024,1,C_GP,60733285.597979434,60685945.15624937,55045336.05415243,65561128.28524839
"Vac[60,65)","[60,65)",Vac_1d,2024,1,C_Med,143229196.1598234,142988221.89398462,125634411.64122477,159489684.54828998
"Vac[60,65)","[60,65)",Vac_1d,2024,1,C_VacZVL,0,0,0,0
"Vac[60,65)","[60,65)",Vac_1d,2024,1,C_VacRZV,299841325,299841325,299841325,299841325
"Vac[60,65)","[60,65)",Vac_1d,2024,1,C_Vac,299841325,299841325,299841325,299841325
"Vac[60,65)","[60,65)",Vac_1d,2024,1,C_All,443070521.15982336,442829546.89398456,425475736.64122474,459331009.54829
"Vac[60,65)","[60,65)",Vac_1d,2024,1,C_Hosp_d,39055994.14978311,38212923.737707116,33878879.68832361,45212407.84684788
"Vac[60,65)","[60,65)",Vac_1d,2024,1,C_GP_NonPHN_d,25873731.64085126,25753025.75231236,23881900.26017883,28239025.335403983
"Vac[60,65)","[60,65)",Vac_1d,2024,1,C_GP_PHN_d,9460745.079058655,9325367.211566683,8364619.111070484,10582262.031892728
"Vac[60,65)","[60,65)",Vac_1d,2024,1,C_GP_d,35334476.719909914,34924399.75085737,32656728.24018283,38616673.881068744
"Vac[60,65)","[60,65)",Vac_1d,2024,1,C_Med_d,74390470.86969303,74196836.83803913,66535607.92850644,82699272.5611716
"Vac[60,65)","[60,65)",Vac_1d,2024,1,C_VacZVL_d,0,0,0,0
"Vac[60,65)","[60,65)",Vac_1d,2024,1,C_VacRZV_d,299841325,299841325,299841325,299841325
"Vac[60,65)","[60,65)",Vac_1d,2024,1,C_Vac_d,299841325,299841325,299841325,299841325
"Vac[60,65)","[60,65)",Vac_1d,2024,1,C_All_d,374231795.86969304,374038161.83803916,366376932.9285064,382540597.5611716
"Vac[60,65)","[60,65)",Vac_1d,2024,1,N_VacZVL,0,0,0,0
"Vac[60,65)","[60,65)",Vac_1d,2024,1,N_VacRZV,3527545,3527545,3527545,3527545
"Vac[60,65)","[60,65)",Vac_1d,2024,1,N_VacZVL_d,0,0,0,0
"Vac[60,65)","[60,65)",Vac_1d,2024,1,N_VacRZV_d,3527545,3527545,3527545,3527545
"Vac[60,65)","[60,65)",Vac_2d,2024,1,Year_Life,23.261727999273315,23.261742347720933,23.26158348280231,23.261841639763308
"Vac[60,65)","[60,65)",Vac_2d,2024,1,Year_Immunised,9.183238336654254,9.0059602953556,7.941517168888087,11.047778703029529
"Vac[60,65)","[60,65)",Vac_2d,2024,1,Risk_HZ,0.12199197394920148,0.12468839942650328,0.10347934767315445,0.13354427753683165
"Vac[60,65)","[60,65)",Vac_2d,2024,1,Risk_Hosp,0.005189068819354256,0.005136205765098789,0.004161744698877628,0.006136226437890757
"Vac[60,65)","[60,65)",Vac_2d,2024,1,Risk_PHN,0.009797732712680564,0.009819599878988235,0.007890701414800923,0.010981263635108473
"Vac[60,65)","[60,65)",Vac_2d,2024,1,Risk_Death,9.01132107569263e-7,9.152365859510001e-7,6.371495307116033e-7,1.1443103955896274e-6
"Vac[60,65)","[60,65)",Vac_2d,2024,1,Q_Life,63095109.55950512,63095145.179141216,63094760.200227395,63095386.337894455
"Vac[60,65)","[60,65)",Vac_2d,2024,1,Q_HZ,-69439.05495805813,-72455.94761949251,-91418.57578063541,-44764.92752248561
"Vac[60,65)","[60,65)",Vac_2d,2024,1,Q_HZ_Norm,-24526.077378511425,-23413.813812084732,-40774.96271458727,-6353.940450806629
"Vac[60,65)","[60,65)",Vac_2d,2024,1,Q_All,62961701.800169036,62958731.677878335,62939755.415502444,62986261.67389418
"Vac[60,65)","[60,65)",Vac_2d,2024,1,Q_HZ_d,-38998.75632619946,-40479.37293150753,-50749.362042789384,-24955.58013419302
"Vac[60,65)","[60,65)",Vac_2d,2024,1,Q_HZ_Norm_d,-14380.045967987237,-13601.597788066449,-23745.85421579908,-3710.904313249163
"Vac[60,65)","[60,65)",Vac_2d,2024,1,Q_Life_d,42596476.54048063,42596492.16458063,42596338.55372633,42596587.59923833
"Vac[60,65)","[60,65)",Vac_2d,2024,1,Q_All_d,42557477.78415443,42555985.61727512,42545748.96690232,42571468.51129427
"Vac[60,65)","[60,65)",Vac_2d,2024,1,C_Hosp,78064148.46746965,77491333.3670084,62120540.69360687,92633534.87126702
"Vac[60,65)","[60,65)",Vac_2d,2024,1,C_GP_NonPHN,38760912.195388295,39469593.99744899,33183010.42419253,42565926.63940573
"Vac[60,65)","[60,65)",Vac_2d,2024,1,C_GP_PHN,15331226.987356728,15457795.130076598,12450403.586375289,17522142.05228351
"Vac[60,65)","[60,65)",Vac_2d,2024,1,C_GP,54092139.182745025,54761773.062598124,45633414.010567814,59683089.59687323
"Vac[60,65)","[60,65)",Vac_2d,2024,1,C_Med,132156287.65021467,133267913.31163995,107753954.70417468,149775097.55788603
"Vac[60,65)","[60,65)",Vac_2d,2024,1,C_VacZVL,0,0,0,0
"Vac[60,65)","[60,65)",Vac_2d,2024,1,C_VacRZV,599682650,599682650,599682650,599682650
"Vac[60,65)","[60,65)",Vac_2d,2024,1,C_Vac,599682650,599682650,599682650,599682650
"Vac[60,65)","[60,65)",Vac_2d,2024,1,C_All,731838937.6502147,732950563.3116399,707436604.7041746,749457747.557886
"Vac[60,65)","[60,65)",Vac_2d,2024,1,C_Hosp_d,36392658.07274445,35859653.17674932,29274774.209076904,42958006.960389934
"Vac[60,65)","[60,65)",Vac_2d,2024,1,C_GP_NonPHN_d,22217927.016712785,22317810.04260973,19478336.69574039,24719772.193121742
"Vac[60,65)","[60,65)",Vac_2d,2024,1,C_GP_PHN_d,8370533.508332485,8337960.755505405,6888562.828126825,9597787.387568336
"Vac[60,65)","[60,65)",Vac_2d,2024,1,C_GP_d,30588460.52504527,30620083.74605294,26366899.523867216,34040788.91537324
"Vac[60,65)","[60,65)",Vac_2d,2024,1,C_Med_d,66981118.59778972,67408113.07824829,55641673.73294413,75856975.92870438
"Vac[60,65)","[60,65)",Vac_2d,2024,1,C_VacZVL_d,0,0,0,0
"Vac[60,65)","[60,65)",Vac_2d,2024,1,C_VacRZV_d,599682650,599682650,599682650,599682650
"Vac[60,65)","[60,65)",Vac_2d,2024,1,C_Vac_d,599682650,599682650,599682650,599682650
"Vac[60,65)","[60,65)",Vac_2d,2024,1,C_All_d,666663768.5977898,667090763.0782483,655324323.7329441,675539625.9287044
"Vac[60,65)","[60,65)",Vac_2d,2024,1,N_VacZVL,0,0,0,0
"Vac[60,65)","[60,65)",Vac_2d,2024,1,N_VacRZV,7055090,7055090,7055090,7055090
"Vac[60,65)","[60,65)",Vac_2d,2024,1,N_VacZVL_d,0,0,0,0
"Vac[60,65)","[60,65)",Vac_2d,2024,1,N_VacRZV_d,7055090,7055090,7055090,7055090
"Vac[65,70)","[65,70)",SOC,2024,1,Year_Life,19.160360463080718,19.16038101667576,19.160231950972324,19.160427609112162
"Vac[65,70)","[65,70)",SOC,2024,1,Year_Immunised,0,0,0,0
"Vac[65,70)","[65,70)",SOC,2024,1,Risk_HZ,0.1643663364818406,0.16412719773830015,0.16256096084065724,0.16646030424654668
"Vac[65,70)","[65,70)",SOC,2024,1,Risk_Hosp,0.00629678461276307,0.006238770312722358,0.005863959303912257,0.007090651328002394
"Vac[65,70)","[65,70)",SOC,2024,1,Risk_PHN,0.012845062895317921,0.01279951445528222,0.012262749192526292,0.013537025889055759
"Vac[65,70)","[65,70)",SOC,2024,1,Risk_Death,1.1472657391046204e-6,1.1075857976807657e-6,1.0650561945501427e-6,1.3566519688936567e-6
"Vac[65,70)","[65,70)",SOC,2024,1,Q_Life,43288542.69900016,43288581.74030792,43288281.82271307,43288682.28233304
"Vac[65,70)","[65,70)",SOC,2024,1,Q_HZ,-78651.88451999598,-81066.76959649162,-102895.97102222934,-49639.08074895632
"Vac[65,70)","[65,70)",SOC,2024,1,Q_HZ_Norm,-28749.470065335325,-26918.24689408506,-51952.75820910197,-7025.578824983102
"Vac[65,70)","[65,70)",SOC,2024,1,Q_All,43153692.35252757,43151359.4283454,43129536.38397856,43182481.61413484
"Vac[65,70)","[65,70)",SOC,2024,1,Q_HZ_d,-54355.81606371384,-55682.69017881658,-70928.72197361085,-34375.315145534885
"Vac[65,70)","[65,70)",SOC,2024,1,Q_HZ_Norm_d,-20603.21343221274,-19381.485634467615,-36932.14326527418,-5022.37648884645
"Vac[65,70)","[65,70)",SOC,2024,1,Q_Life_d,30967141.64969251,30967154.35889082,30967019.815685194,30967214.24060695
"Vac[65,70)","[65,70)",SOC,2024,1,Q_All_d,30912785.833628796,30911497.706494704,30896259.86915064,30932645.634715386
"Vac[65,70)","[65,70)",SOC,2024,1,C_Hosp,78747327.47997242,78109606.21033612,72934029.97628354,89082106.55976082
"Vac[65,70)","[65,70)",SOC,2024,1,C_GP_NonPHN,44211585.32931784,44178098.10162905,43614444.414213106,44756797.376021296
"Vac[65,70)","[65,70)",SOC,2024,1,C_GP_PHN,16976848.96308485,16789419.678885926,16170051.035751637,18079898.15625325
"Vac[65,70)","[65,70)",SOC,2024,1,C_GP,61188434.29240269,61026550.92827941,60051201.10461869,62465733.541607596
"Vac[65,70)","[65,70)",SOC,2024,1,C_Med,139935761.7723751,138743150.02726084,134830005.05698472,150042295.7798664
"Vac[65,70)","[65,70)",SOC,2024,1,C_VacZVL,0,0,0,0
"Vac[65,70)","[65,70)",SOC,2024,1,C_VacRZV,0,0,0,0
"Vac[65,70)","[65,70)",SOC,2024,1,C_Vac,0,0,0,0
"Vac[65,70)","[65,70)",SOC,2024,1,C_All,139935761.7723751,138743150.02726084,134830005.05698472,150042295.7798664
"Vac[65,70)","[65,70)",SOC,2024,1,C_Hosp_d,45075864.5308875,44483445.81065862,42169477.80031834,50526250.259127386
"Vac[65,70)","[65,70)",SOC,2024,1,C_GP_NonPHN_d,31129892.475658234,31151204.359676093,30604363.526777994,31475571.106056627
"Vac[65,70)","[65,70)",SOC,2024,1,C_GP_PHN_d,11421983.390120007,11371079.7348052,10841399.254649548,12135486.483231524
"Vac[65,70)","[65,70)",SOC,2024,1,C_GP_d,42551875.86577824,42524724.142541766,41648008.202709645,43433670.760922834
"Vac[65,70)","[65,70)",SOC,2024,1,C_Med_d,87627740.39666574,86158314.97242764,85151386.0773147,93080628.03470995
"Vac[65,70)","[65,70)",SOC,2024,1,C_VacZVL_d,0,0,0,0
"Vac[65,70)","[65,70)",SOC,2024,1,C_VacRZV_d,0,0,0,0
"Vac[65,70)","[65,70)",SOC,2024,1,C_Vac_d,0,0,0,0
"Vac[65,70)","[65,70)",SOC,2024,1,C_All_d,87627740.39666574,86158314.97242764,85151386.0773147,93080628.03470995
"Vac[65,70)","[65,70)",SOC,2024,1,N_VacZVL,0,0,0,0
"Vac[65,70)","[65,70)",SOC,2024,1,N_VacRZV,0,0,0,0
"Vac[65,70)","[65,70)",SOC,2024,1,N_VacZVL_d,0,0,0,0
"Vac[65,70)","[65,70)",SOC,2024,1,N_VacRZV_d,0,0,0,0
"Vac[65,70)","[65,70)",Vac_1d,2024,1,Year_Life,19.160527852382987,19.160548046778388,19.16038803285046,19.16060030188509
"Vac[65,70)","[65,70)",Vac_1d,2024,1,Year_Immunised,6.83642100422436,6.798966617486897,5.832822234032231,7.784281379192436
"Vac[65,70)","[65,70)",Vac_1d,2024,1,Risk_HZ,0.10978640974505459,0.10978369366585673,0.10090002496218382,0.11978767712769087
"Vac[65,70)","[65,70)",Vac_1d,2024,1,Risk_Hosp,0.0051377120025627495,0.005014399920516399,0.004363534331255385,0.006031120180843432
"Vac[65,70)","[65,70)",Vac_1d,2024,1,Risk_PHN,0.009172766686526437,0.00905327305681086,0.008016772948013524,0.010207789234704912
"Vac[65,70)","[65,70)",Vac_1d,2024,1,Risk_Death,9.055005934933945e-7,9.094138539583056e-7,7.039834774663783e-7,1.1398344463954546e-6
"Vac[65,70)","[65,70)",Vac_1d,2024,1,Q_Life,43288896.30930251,43288938.29767808,43288612.82490148,43289042.97368766
"Vac[65,70)","[65,70)",Vac_1d,2024,1,Q_HZ,-53048.99974117689,-54513.00556468431,-69398.32908477308,-33626.61661594828
"Vac[65,70)","[65,70)",Vac_1d,2024,1,Q_HZ_Norm,-18265.130932938082,-16841.69129323144,-32031.511570275692,-4636.349796523239
"Vac[65,70)","[65,70)",Vac_1d,2024,1,Q_All,43179647.00546847,43178247.292478494,43163368.4624903,43198897.97814083
"Vac[65,70)","[65,70)",Vac_1d,2024,1,Q_HZ_d,-33424.52556777186,-34263.457160385355,-43609.789098811976,-21051.47068199874
"Vac[65,70)","[65,70)",Vac_1d,2024,1,Q_HZ_Norm_d,-11933.296669179696,-10856.466209888575,-21258.46485870685,-3011.4899653468724
"Vac[65,70)","[65,70)",Vac_1d,2024,1,Q_Life_d,30967341.213022083,30967362.318671465,30967209.970988933,30967409.342173763
"Vac[65,70)","[65,70)",Vac_1d,2024,1,Q_All_d,30933916.68745431,30933071.17129547,30923766.7690506,30946229.730051037
"Vac[65,70)","[65,70)",Vac_1d,2024,1,C_Hosp,65482084.21667069,64105563.34846463,55091021.32452239,77128847.261787
"Vac[65,70)","[65,70)",Vac_1d,2024,1,C_GP_NonPHN,29083189.915051177,28929551.029126186,26679314.942764882,31826521.00364609
"Vac[65,70)","[65,70)",Vac_1d,2024,1,C_GP_PHN,12024839.962656097,11864782.42847465,10611611.426925167,13616234.804776412
"Vac[65,70)","[65,70)",Vac_1d,2024,1,C_GP,41108029.87770727,40598077.58279848,37630913.39969146,44972052.53965325
"Vac[65,70)","[65,70)",Vac_1d,2024,1,C_Med,106590114.09437796,106313455.79218781,92721934.72421385,120678935.74211568
"Vac[65,70)","[65,70)",Vac_1d,2024,1,C_VacZVL,0,0,0,0
"Vac[65,70)","[65,70)",Vac_1d,2024,1,C_VacRZV,252067925,252067925,252067925,252067925
"Vac[65,70)","[65,70)",Vac_1d,2024,1,C_Vac,252067925,252067925,252067925,252067925
"Vac[65,70)","[65,70)",Vac_1d,2024,1,C_All,358658039.094378,358381380.7921878,344789859.7242139,372746860.7421157
"Vac[65,70)","[65,70)",Vac_1d,2024,1,C_Hosp_d,35458624.57319456,34504932.32570183,30325455.14876249,41557869.281873465
"Vac[65,70)","[65,70)",Vac_1d,2024,1,C_GP_NonPHN_d,18619289.421793215,18498992.612490304,16901221.250998892,20630702.36252967
"Vac[65,70)","[65,70)",Vac_1d,2024,1,C_GP_PHN_d,7469546.075370031,7294853.856916323,6721552.316646948,8460354.337788364
"Vac[65,70)","[65,70)",Vac_1d,2024,1,C_GP_d,26088835.497163247,25696741.46682363,23966181.619145393,28879806.996174622
"Vac[65,70)","[65,70)",Vac_1d,2024,1,C_Med_d,61547460.070357814,61468260.89926151,54785148.12705162,69718864.48051189
"Vac[65,70)","[65,70)",Vac_1d,2024,1,C_VacZVL_d,0,0,0,0
"Vac[65,70)","[65,70)",Vac_1d,2024,1,C_VacRZV_d,252067925,252067925,252067925,252067925
"Vac[65,70)","[65,70)",Vac_1d,2024,1,C_Vac_d,252067925,252067925,252067925,252067925
"Vac[65,70)","[65,70)",Vac_1d,2024,1,C_All_d,313615385.0703578,313536185.8992615,306853073.12705165,321786789.4805119
"Vac[65,70)","[65,70)",Vac_1d,2024,1,N_VacZVL,0,0,0,0
"Vac[65,70)","[65,70)",Vac_1d,2024,1,N_VacRZV,2965505,2965505,2965505,2965505
"Vac[65,70)","[65,70)",Vac_1d,2024,1,N_VacZVL_d,0,0,0,0
"Vac[65,70)","[65,70)",Vac_1d,2024,1,N_VacRZV_d,2965505,2965505,2965505,2965505
"Vac[65,70)","[65,70)",Vac_2d,2024,1,Year_Life,19.160590908426094,19.16059731466941,19.160449929795497,19.160698217554433
"Vac[65,70)","[65,70)",Vac_2d,2024,1,Year_Immunised,8.631391713383126,8.551729071609468,7.559349650280765,9.927644547684965
"Vac[65,70)","[65,70)",Vac_2d,2024,1,Risk_HZ,0.09462553075112291,0.09581637147202451,0.08105159486824183,0.10527620336782717
"Vac[65,70)","[65,70)",Vac_2d,2024,1,Risk_Hosp,0.00469822404919953,0.004627524355801866,0.0036880980970791424,0.005630262825895572
"Vac[65,70)","[65,70)",Vac_2d,2024,1,Risk_PHN,0.008024067740339374,0.007971866382121766,0.006515668840884969,0.009128603403403608
"Vac[65,70)","[65,70)",Vac_2d,2024,1,Risk_Death,8.068643237540639e-7,8.403737373480945e-7,5.373908775486483e-7,1.0472124056966436e-6
"Vac[65,70)","[65,70)",Vac_2d,2024,1,Q_Life,43289027.689109445,43289041.53298354,43288742.438434094,43289244.578241736
"Vac[65,70)","[65,70)",Vac_2d,2024,1,Q_HZ,-45782.86489463509,-46982.81250084998,-60323.730343234136,-29029.798945481805
"Vac[65,70)","[65,70)",Vac_2d,2024,1,Q_HZ_Norm,-15426.750888410334,-14497.961670497723,-25868.20512016485,-4002.5288040837577
"Vac[65,70)","[65,70)",Vac_2d,2024,1,Q_All,43187043.52648498,43185906.75485861,43172519.3063691,43203744.1454654
"Vac[65,70)","[65,70)",Vac_2d,2024,1,Q_HZ_d,-28055.861605140766,-28841.379971937196,-36609.43394923857,-17608.702804935332
"Vac[65,70)","[65,70)",Vac_2d,2024,1,Q_HZ_Norm_d,-9798.248628716521,-9088.567895193475,-16724.37818567894,-2525.6220002252094
"Vac[65,70)","[65,70)",Vac_2d,2024,1,Q_Life_d,30967409.853267156,30967418.534094244,30967279.284944393,30967506.47427592
"Vac[65,70)","[65,70)",Vac_2d,2024,1,Q_All_d,30939353.991662018,30938557.07070966,30930832.39789835,30949774.262277946
"Vac[65,70)","[65,70)",Vac_2d,2024,1,C_Hosp,60213855.60387044,59374225.10160373,46801606.48696289,72370044.65216868
"Vac[65,70)","[65,70)",Vac_2d,2024,1,C_GP_NonPHN,24951084.82326771,25104872.80326906,21621757.204161856,27846315.240742344
"Vac[65,70)","[65,70)",Vac_2d,2024,1,C_GP_PHN,10488547.039167035,10428001.287680246,8606213.254652027,12198665.166149272
"Vac[65,70)","[65,70)",Vac_2d,2024,1,C_GP,35439631.862434745,35417500.20955813,30227970.458813883,39632295.48612262
"Vac[65,70)","[65,70)",Vac_2d,2024,1,C_Med,95653487.46630518,96373144.1012713,77029576.94577679,110436023.82011795
"Vac[65,70)","[65,70)",Vac_2d,2024,1,C_VacZVL,0,0,0,0
"Vac[65,70)","[65,70)",Vac_2d,2024,1,C_VacRZV,504135850,504135850,504135850,504135850
"Vac[65,70)","[65,70)",Vac_2d,2024,1,C_Vac,504135850,504135850,504135850,504135850
"Vac[65,70)","[65,70)",Vac_2d,2024,1,C_All,599789337.4663051,600508994.1012713,581165426.9457768,614571873.820118
"Vac[65,70)","[65,70)",Vac_2d,2024,1,C_Hosp_d,32036195.489909098,31460060.310805682,25300707.718654364,38377213.72637587
"Vac[65,70)","[65,70)",Vac_2d,2024,1,C_GP_NonPHN_d,15526936.65742552,15439655.288372047,13706495.600754885,17560307.389486536
"Vac[65,70)","[65,70)",Vac_2d,2024,1,C_GP_PHN_d,6359338.058511615,6263714.760958225,5344269.236472131,7402936.916033412
"Vac[65,70)","[65,70)",Vac_2d,2024,1,C_GP_d,21886274.715937134,21633631.94819597,19207582.998396233,24707503.65574015
"Vac[65,70)","[65,70)",Vac_2d,2024,1,C_Med_d,53922470.205846235,54325139.50497389,44508290.7170506,62333856.26954992
"Vac[65,70)","[65,70)",Vac_2d,2024,1,C_VacZVL_d,0,0,0,0
"Vac[65,70)","[65,70)",Vac_2d,2024,1,C_VacRZV_d,504135850,504135850,504135850,504135850
"Vac[65,70)","[65,70)",Vac_2d,2024,1,C_Vac_d,504135850,504135850,504135850,504135850
"Vac[65,70)","[65,70)",Vac_2d,2024,1,C_All_d,558058320.2058462,558460989.5049739,548644140.7170506,566469706.26955
"Vac[65,70)","[65,70)",Vac_2d,2024,1,N_VacZVL,0,0,0,0
"Vac[65,70)","[65,70)",Vac_2d,2024,1,N_VacRZV,5931010,5931010,5931010,5931010
"Vac[65,70)","[65,70)",Vac_2d,2024,1,N_VacZVL_d,0,0,0,0
"Vac[65,70)","[65,70)",Vac_2d,2024,1,N_VacRZV_d,5931010,5931010,5931010,5931010
"Vac[70,75)","[70,75)",SOC,2024,1,Year_Life,15.24972940010452,15.249756310346044,15.249597864251008,15.24979092683667
"Vac[70,75)","[70,75)",SOC,2024,1,Year_Immunised,0,0,0,0
"Vac[70,75)","[70,75)",SOC,2024,1,Risk_HZ,0.1372973299981814,0.1370509981856604,0.13598117999226011,0.13995912473339925
"Vac[70,75)","[70,75)",SOC,2024,1,Risk_Hosp,0.0062695585869349995,0.006194575690708333,0.005775498052059582,0.007095030319599091
"Vac[70,75)","[70,75)",SOC,2024,1,Risk_PHN,0.01161503977752881,0.01160193815629076,0.011130511550640534,0.012232893645810854
"Vac[70,75)","[70,75)",SOC,2024,1,Risk_Death,1.1991303327551072e-6,1.1565913212977378e-6,1.114506926718833e-6,1.4209963122494641e-6
"Vac[70,75)","[70,75)",SOC,2024,1,Q_Life,30642155.079077944,30642202.335090555,30641916.178976562,30642268.996192887
"Vac[70,75)","[70,75)",SOC,2024,1,Q_HZ,-59754.15307613495,-61854.32624685739,-78451.82252791728,-37561.80181481812
"Vac[70,75)","[70,75)",SOC,2024,1,Q_HZ_Norm,-20708.614239318104,-19236.233956241074,-38018.357359358044,-5081.26078179666
"Vac[70,75)","[70,75)",SOC,2024,1,Q_All,30528261.579141393,30526248.30512616,30509634.245424602,30550279.32790511
"Vac[70,75)","[70,75)",SOC,2024,1,Q_HZ_d,-44578.04028290095,-46137.16516238812,-58435.13754997976,-28042.07625194572
"Vac[70,75)","[70,75)",SOC,2024,1,Q_HZ_Norm_d,-15870.509837245268,-14789.99233096973,-29000.214218802405,-3885.74119704061
"Vac[70,75)","[70,75)",SOC,2024,1,Q_Life_d,23219314.895562943,23219336.4391208,23219184.866601128,23219382.022552513
"Vac[70,75)","[70,75)",SOC,2024,1,Q_All_d,23174736.85528004,23173219.561618857,23160922.152722172,23191166.43476371
"Vac[70,75)","[70,75)",SOC,2024,1,C_Hosp,71400070.40881969,70376008.95539674,65515027.20631506,81125512.8990278
"Vac[70,75)","[70,75)",SOC,2024,1,C_GP_NonPHN,32655614.88546089,32645953.478560247,32103825.92373298,33308076.608370073
"Vac[70,75)","[70,75)",SOC,2024,1,C_GP_PHN,13700796.26962833,13537951.47158473,13027256.00419702,14608855.271378687
"Vac[70,75)","[70,75)",SOC,2024,1,C_GP,46356411.155089214,46129242.51261347,45556886.925883815,47375848.01990753
"Vac[70,75)","[70,75)",SOC,2024,1,C_Med,117756481.56390892,116213364.66625905,112612715.46327811,127176638.68640254
"Vac[70,75)","[70,75)",SOC,2024,1,C_VacZVL,0,0,0,0
"Vac[70,75)","[70,75)",SOC,2024,1,C_VacRZV,0,0,0,0
"Vac[70,75)","[70,75)",SOC,2024,1,C_Vac,0,0,0,0
"Vac[70,75)","[70,75)",SOC,2024,1,C_All,117756481.56390892,116213364.66625905,112612715.46327811,127176638.68640254
"Vac[70,75)","[70,75)",SOC,2024,1,C_Hosp_d,46790902.17537966,46156403.58358604,43144262.934166,52776863.51649885
"Vac[70,75)","[70,75)",SOC,2024,1,C_GP_NonPHN_d,24674423.58253979,24682685.93839178,24286984.319183916,25178312.830993358
"Vac[70,75)","[70,75)",SOC,2024,1,C_GP_PHN_d,10167203.113708267,10130840.6249399,9615459.564902063,10813245.00143049
"Vac[70,75)","[70,75)",SOC,2024,1,C_GP_d,34841626.696248055,34646341.16993208,34216404.80934704,35617712.23050785
"Vac[70,75)","[70,75)",SOC,2024,1,C_Med_d,81632528.87162772,80484324.93908498,78542598.33697571,87538929.56025994
"Vac[70,75)","[70,75)",SOC,2024,1,C_VacZVL_d,0,0,0,0
"Vac[70,75)","[70,75)",SOC,2024,1,C_VacRZV_d,0,0,0,0
"Vac[70,75)","[70,75)",SOC,2024,1,C_Vac_d,0,0,0,0
"Vac[70,75)","[70,75)",SOC,2024,1,C_All_d,81632528.87162772,80484324.93908498,78542598.33697571,87538929.56025994
"Vac[70,75)","[70,75)",SOC,2024,1,N_VacZVL,0,0,0,0
"Vac[70,75)","[70,75)",SOC,2024,1,N_VacRZV,0,0,0,0
"Vac[70,75)","[70,75)",SOC,2024,1,N_VacZVL_d,0,0,0,0
"Vac[70,75)","[70,75)",SOC,2024,1,N_VacRZV_d,0,0,0,0
"Vac[70,75)","[70,75)",Vac_1d,2024,1,Year_Life,15.24997483525186,15.24999284893163,15.249834983556124,15.250035149155533
"Vac[70,75)","[70,75)",Vac_1d,2024,1,Year_Immunised,6.316038594071079,6.330295345920817,5.447626854848778,7.1930979012595895
"Vac[70,75)","[70,75)",Vac_1d,2024,1,Risk_HZ,0.08199196764829587,0.08126340781473568,0.07444190876398055,0.09125570820593334
"Vac[70,75)","[70,75)",Vac_1d,2024,1,Risk_Hosp,0.0045644177408824,0.0044415385019943845,0.00386334327449345,0.0054371980630598185
"Vac[70,75)","[70,75)",Vac_1d,2024,1,Risk_PHN,0.007182083797745444,0.0070621974092628685,0.006479320658415335,0.008081923658085133
"Vac[70,75)","[70,75)",Vac_1d,2024,1,Risk_Death,7.912123148792074e-7,8.059298035143658e-7,6.028572094543797e-7,1.0267865342058715e-6
"Vac[70,75)","[70,75)",Vac_1d,2024,1,Q_Life,30642614.574051138,30642648.228963815,30642361.56707992,30642724.271685272
"Vac[70,75)","[70,75)",Vac_1d,2024,1,Q_HZ,-35989.855812445356,-36268.48216372586,-47191.80133252821,-22436.904580150058
"Vac[70,75)","[70,75)",Vac_1d,2024,1,Q_HZ_Norm,-11770.893902995926,-10549.898036200597,-21437.060011408514,-3001.52490922575
"Vac[70,75)","[70,75)",Vac_1d,2024,1,Q_All,30552482.305915542,30552234.191679418,30541330.97629111,30566020.908963233
"Vac[70,75)","[70,75)",Vac_1d,2024,1,Q_HZ_d,-24636.579263153362,-25033.10387666316,-32237.62444126177,-15171.28877953412
"Vac[70,75)","[70,75)",Vac_1d,2024,1,Q_HZ_Norm_d,-8296.457357614856,-7301.858065413822,-15434.672862785474,-2105.7273968819118
"Vac[70,75)","[70,75)",Vac_1d,2024,1,Q_Life_d,23219599.702599924,23219620.412074,23219464.399028767,23219659.66910911
"Vac[70,75)","[70,75)",Vac_1d,2024,1,Q_All_d,23194963.12333677,23194558.691939287,23187390.638459854,23204420.350611925
"Vac[70,75)","[70,75)",Vac_1d,2024,1,C_Hosp,53020155.13249491,51700278.53315735,44390533.786423214,63261022.6564907
"Vac[70,75)","[70,75)",Vac_1d,2024,1,C_GP_NonPHN,19217530.95325414,18935918.620400332,17380869.751684323,21418455.069847852
"Vac[70,75)","[70,75)",Vac_1d,2024,1,C_GP_PHN,8381517.5963058155,8045928.636922926,7653918.018235477,9606655.598171026
"Vac[70,75)","[70,75)",Vac_1d,2024,1,C_GP,27599048.54955996,26921425.530911423,25174848.313961327,30722719.998064086
"Vac[70,75)","[70,75)",Vac_1d,2024,1,C_Med,80619203.68205488,80247787.37797078,70449175.26002716,93252005.16329888
"Vac[70,75)","[70,75)",Vac_1d,2024,1,C_VacZVL,0,0,0,0
"Vac[70,75)","[70,75)",Vac_1d,2024,1,C_VacRZV,226297370,226297370,226297370,226297370
"Vac[70,75)","[70,75)",Vac_1d,2024,1,C_Vac,226297370,226297370,226297370,226297370
"Vac[70,75)","[70,75)",Vac_1d,2024,1,C_All,306916573.6820549,306545157.3779708,296746545.26002717,319549375.16329885
"Vac[70,75)","[70,75)",Vac_1d,2024,1,C_Hosp_d,32593799.23218059,31557036.48222315,27909433.597208507,39003281.262489855
"Vac[70,75)","[70,75)",Vac_1d,2024,1,C_GP_NonPHN_d,13303606.212227527,13279394.396661237,11722042.512646988,15038398.87349782
"Vac[70,75)","[70,75)",Vac_1d,2024,1,C_GP_PHN_d,5738933.368951559,5479250.352144949,5304879.791401364,6547429.785780263
"Vac[70,75)","[70,75)",Vac_1d,2024,1,C_GP_d,19042539.581179086,18686921.43730498,17087836.844813313,21437079.003562707
"Vac[70,75)","[70,75)",Vac_1d,2024,1,C_Med_d,51636338.81335968,51268299.47836362,45986791.66410197,59926504.30185495
"Vac[70,75)","[70,75)",Vac_1d,2024,1,C_VacZVL_d,0,0,0,0
"Vac[70,75)","[70,75)",Vac_1d,2024,1,C_VacRZV_d,226297370,226297370,226297370,226297370
"Vac[70,75)","[70,75)",Vac_1d,2024,1,C_Vac_d,226297370,226297370,226297370,226297370
"Vac[70,75)","[70,75)",Vac_1d,2024,1,C_All_d,277933708.8133597,277565669.47836363,272284161.66410196,286223874.30185497
"Vac[70,75)","[70,75)",Vac_1d,2024,1,N_VacZVL,0,0,0,0
"Vac[70,75)","[70,75)",Vac_1d,2024,1,N_VacRZV,2662322,2662322,2662322,2662322
"Vac[70,75)","[70,75)",Vac_1d,2024,1,N_VacZVL_d,0,0,0,0
"Vac[70,75)","[70,75)",Vac_1d,2024,1,N_VacRZV_d,2662322,2662322,2662322,2662322
"Vac[70,75)","[70,75)",Vac_2d,2024,1,Year_Life,15.250055158150188,15.250061224714278,15.249917784635787,15.250138591838775
"Vac[70,75)","[70,75)",Vac_2d,2024,1,Year_Immunised,7.869705600088908,7.870719818221399,6.9899776685396,8.64841299050182
"Vac[70,75)","[70,75)",Vac_2d,2024,1,Risk_HZ,0.06795868083497017,0.06758440850581127,0.05990437922282181,0.07707962840776522
"Vac[70,75)","[70,75)",Vac_2d,2024,1,Risk_Hosp,0.004000280996290469,0.003941895867923105,0.0031508420986537493,0.004862593690138181
"Vac[70,75)","[70,75)",Vac_2d,2024,1,Risk_PHN,0.005990531267917418,0.005892326009198055,0.005048662378305761,0.0069326441799874685
"Vac[70,75)","[70,75)",Vac_2d,2024,1,Risk_Death,6.577512684925875e-7,6.93705251290429e-7,4.238146315328204e-7,8.839049322332141e-7
"Vac[70,75)","[70,75)",Vac_2d,2024,1,Q_Life,30642762.932724852,30642774.91179707,30642515.03224124,30642911.521024782
"Vac[70,75)","[70,75)",Vac_2d,2024,1,Q_HZ,-29853.52906756402,-30126.562162974904,-39158.24625300986,-18518.971159254586
"Vac[70,75)","[70,75)",Vac_2d,2024,1,Q_HZ_Norm,-9559.940224443666,-8739.703140457314,-16684.559009291544,-2488.14808226442
"Vac[70,75)","[70,75)",Vac_2d,2024,1,Q_All,30558765.510261346,30558473.56588126,30549502.065286405,30570095.82750047
"Vac[70,75)","[70,75)",Vac_2d,2024,1,Q_HZ_d,-19918.29714122853,-20260.063042794958,-26049.457597787554,-12199.033330827318
"Vac[70,75)","[70,75)",Vac_2d,2024,1,Q_HZ_Norm_d,-6568.987017357125,-5956.743063677387,-11774.535953774775,-1700.2384624810343
"Vac[70,75)","[70,75)",Vac_2d,2024,1,Q_Life_d,23219685.617776014,23219694.619652428,23219554.677837774,23219757.82283169
"Vac[70,75)","[70,75)",Vac_2d,2024,1,Q_All_d,23199767.32063479,23199414.995398294,23193661.25447362,23207484.512987163
"Vac[70,75)","[70,75)",Vac_2d,2024,1,C_Hosp,46711565.50540426,46148488.27394688,36318778.7172427,56872980.31129016
"Vac[70,75)","[70,75)",Vac_2d,2024,1,C_GP_NonPHN,15857617.673987348,15660974.121573456,13949377.956176301,18029277.797738906
"Vac[70,75)","[70,75)",Vac_2d,2024,1,C_GP_PHN,6965805.781364269,6690746.611130681,5950766.14314582,8244901.979069732
"Vac[70,75)","[70,75)",Vac_2d,2024,1,C_GP,22823423.455351617,22315527.459876306,20056929.483481493,25945170.93190728
"Vac[70,75)","[70,75)",Vac_2d,2024,1,C_Med,69534988.96075588,70023371.76852417,56468541.46749611,82088574.80567363
"Vac[70,75)","[70,75)",Vac_2d,2024,1,C_VacZVL,0,0,0,0
"Vac[70,75)","[70,75)",Vac_2d,2024,1,C_VacRZV,452594740,452594740,452594740,452594740
"Vac[70,75)","[70,75)",Vac_2d,2024,1,C_Vac,452594740,452594740,452594740,452594740
"Vac[70,75)","[70,75)",Vac_2d,2024,1,C_All,522129728.9607559,522618111.76852417,509063281.4674961,534683314.80567366
"Vac[70,75)","[70,75)",Vac_2d,2024,1,C_Hosp_d,28164034.640132185,27584477.37556418,22458894.60330709,34424723.65143576
"Vac[70,75)","[70,75)",Vac_2d,2024,1,C_GP_NonPHN_d,10696467.435651302,10504047.680148821,9337172.677797474,12333777.7742202
"Vac[70,75)","[70,75)",Vac_2d,2024,1,C_GP_PHN_d,4656044.706005959,4434173.135861619,4123822.355715535,5484037.584959926
"Vac[70,75)","[70,75)",Vac_2d,2024,1,C_GP_d,15352512.141657261,14928240.776995197,13534667.15548981,17646636.871982142
"Vac[70,75)","[70,75)",Vac_2d,2024,1,C_Med_d,43516546.781789444,43639171.7106406,36498758.77824506,51564456.42228134
"Vac[70,75)","[70,75)",Vac_2d,2024,1,C_VacZVL_d,0,0,0,0
"Vac[70,75)","[70,75)",Vac_2d,2024,1,C_VacRZV_d,452594740,452594740,452594740,452594740
"Vac[70,75)","[70,75)",Vac_2d,2024,1,C_Vac_d,452594740,452594740,452594740,452594740
"Vac[70,75)","[70,75)",Vac_2d,2024,1,C_All_d,496111286.7817894,496233911.7106406,489093498.7782451,504159196.4222813
"Vac[70,75)","[70,75)",Vac_2d,2024,1,N_VacZVL,0,0,0,0
"Vac[70,75)","[70,75)",Vac_2d,2024,1,N_VacRZV,5324644,5324644,5324644,5324644
"Vac[70,75)","[70,75)",Vac_2d,2024,1,N_VacZVL_d,0,0,0,0
"Vac[70,75)","[70,75)",Vac_2d,2024,1,N_VacRZV_d,5324644,5324644,5324644,5324644
"Vac[75,80)","[75,80)",SOC,2024,1,Year_Life,11.840890166096258,11.840919686230643,11.840757152925903,11.840943429573656
"Vac[75,80)","[75,80)",SOC,2024,1,Year_Immunised,0,0,0,0
"Vac[75,80)","[75,80)",SOC,2024,1,Risk_HZ,0.10995486723861608,0.10949035119313977,0.10789571941661999,0.11237271826142317
"Vac[75,80)","[75,80)",SOC,2024,1,Risk_Hosp,0.006150685612547516,0.006088628421879722,0.0055338819518610735,0.007114760526940239
"Vac[75,80)","[75,80)",SOC,2024,1,Risk_PHN,0.009839300377570597,0.009723099695229234,0.009528141532701062,0.010292002836755012
"Vac[75,80)","[75,80)",SOC,2024,1,Risk_Death,1.2569243108206518e-6,1.2109722181476437e-6,1.1695652218929353e-6,1.4942474420663277e-6
"Vac[75,80)","[75,80)",SOC,2024,1,Q_Life,21479486.4561371,21479534.654506996,21479267.827749815,21479575.267722387
"Vac[75,80)","[75,80)",SOC,2024,1,Q_HZ,-44110.08739952621,-45583.941366397776,-57996.856045135355,-27750.249453685843
"Vac[75,80)","[75,80)",SOC,2024,1,Q_HZ_Norm,-14384.261712873289,-13232.315652062563,-26738.07697627024,-3568.2344746543613
"Vac[75,80)","[75,80)",SOC,2024,1,Q_All,21380271.824687954,21378873.559132032,21366438.069090176,21396504.23341604
"Vac[75,80)","[75,80)",SOC,2024,1,Q_HZ_d,-35115.16759082025,-36319.01984842136,-46082.92435463757,-22120.230689341974
"Vac[75,80)","[75,80)",SOC,2024,1,Q_HZ_Norm_d,-11668.809063200739,-10753.257875769385,-21632.12350754685,-2896.3331803216047
"Vac[75,80)","[75,80)",SOC,2024,1,Q_Life_d,17159650.429026145,17159679.669925675,17159514.34466151,17159708.68540244
"Vac[75,80)","[75,80)",SOC,2024,1,Q_All_d,17124535.261435326,17123380.11294119,17113603.067729667,17137444.008852948
"Vac[75,80)","[75,80)",SOC,2024,1,C_Hosp,64888247.46519642,64096610.635168426,58319344.292044155,75169865.85230815
"Vac[75,80)","[75,80)",SOC,2024,1,C_GP_NonPHN,23407658.604619004,23385131.452421553,22745596.99351313,23951407.694897033
"Vac[75,80)","[75,80)",SOC,2024,1,C_GP_PHN,10465312.462428557,10326460.041856274,10024490.980177764,11238512.426467655
"Vac[75,80)","[75,80)",SOC,2024,1,C_GP,33872971.06704756,33911640.86075176,32990202.70471007,34812880.909239694
"Vac[75,80)","[75,80)",SOC,2024,1,C_Med,98761218.53224398,97478086.93583259,92605802.80311193,108450786.36033496
"Vac[75,80)","[75,80)",SOC,2024,1,C_VacZVL,0,0,0,0
"Vac[75,80)","[75,80)",SOC,2024,1,C_VacRZV,0,0,0,0
"Vac[75,80)","[75,80)",SOC,2024,1,C_Vac,0,0,0,0
"Vac[75,80)","[75,80)",SOC,2024,1,C_All,98761218.53224398,97478086.93583259,92605802.80311193,108450786.36033496
"Vac[75,80)","[75,80)",SOC,2024,1,C_Hosp_d,47713421.984958544,47167318.04713026,42687545.22270312,55320658.24426872
"Vac[75,80)","[75,80)",SOC,2024,1,C_GP_NonPHN_d,18785349.42349654,18777948.127210885,18226835.088468194,19259439.444226608
"Vac[75,80)","[75,80)",SOC,2024,1,C_GP_PHN_d,8386244.2476074025,8276036.436034024,8018332.9867409505,9037938.742523769
"Vac[75,80)","[75,80)",SOC,2024,1,C_GP_d,27171593.671103943,27187784.677388515,26507813.925589703,27937399.178903565
"Vac[75,80)","[75,80)",SOC,2024,1,C_Med_d,74885015.65606248,73844201.13397726,70154361.01376852,82082527.88799289
"Vac[75,80)","[75,80)",SOC,2024,1,C_VacZVL_d,0,0,0,0
"Vac[75,80)","[75,80)",SOC,2024,1,C_VacRZV_d,0,0,0,0
"Vac[75,80)","[75,80)",SOC,2024,1,C_Vac_d,0,0,0,0
"Vac[75,80)","[75,80)",SOC,2024,1,C_All_d,74885015.65606248,73844201.13397726,70154361.01376852,82082527.88799289
"Vac[75,80)","[75,80)",SOC,2024,1,N_VacZVL,0,0,0,0
"Vac[75,80)","[75,80)",SOC,2024,1,N_VacRZV,0,0,0,0
"Vac[75,80)","[75,80)",SOC,2024,1,N_VacZVL_d,0,0,0,0
"Vac[75,80)","[75,80)",SOC,2024,1,N_VacRZV_d,0,0,0,0
"Vac[75,80)","[75,80)",Vac_1d,2024,1,Year_Life,11.841220325141114,11.841239204383493,11.841083671759746,11.841288129728351
"Vac[75,80)","[75,80)",Vac_1d,2024,1,Year_Immunised,5.653804937377041,5.648551680449643,4.929089067762521,6.44133987232562
"Vac[75,80)","[75,80)",Vac_1d,2024,1,Risk_HZ,0.057533312542672174,0.05708432689240841,0.050322914192792875,0.06534026359028657
"Vac[75,80)","[75,80)",Vac_1d,2024,1,Risk_Hosp,0.003818968914187939,0.003748766355737041,0.003178442534030889,0.00465933631745351
"Vac[75,80)","[75,80)",Vac_1d,2024,1,Risk_PHN,0.005166556312991486,0.0050714591671960985,0.004536497141906926,0.005920647551513113
"Vac[75,80)","[75,80)",Vac_1d,2024,1,Risk_Death,6.251361392482422e-7,6.231545226098774e-7,4.903201469106145e-7,8.445744665445863e-7
"Vac[75,80)","[75,80)",Vac_1d,2024,1,Q_Life,21480040.882355984,21480070.25792184,21479817.247807495,21480153.16651004
"Vac[75,80)","[75,80)",Vac_1d,2024,1,Q_HZ,-23242.89977533369,-23280.58621972188,-30561.56370694003,-14128.709775893156
"Vac[75,80)","[75,80)",Vac_1d,2024,1,Q_HZ_Norm,-7218.8888914203335,-6408.946313391294,-13769.505528146236,-1844.1021191895643
"Vac[75,80)","[75,80)",Vac_1d,2024,1,Q_All,21401688.277294673,21401637.71912796,21394403.82342094,21410828.151717514
"Vac[75,80)","[75,80)",Vac_1d,2024,1,Q_HZ_d,-17143.436473405447,-17334.406863223143,-22954.568322363215,-10285.644158173374
"Vac[75,80)","[75,80)",Vac_1d,2024,1,Q_HZ_Norm_d,-5449.533275720145,-4773.067890654076,-10644.334029926902,-1389.6190305490613
"Vac[75,80)","[75,80)",Vac_1d,2024,1,Q_Life_d,17160024.37526887,17160038.529299863,17159887.61187452,17160096.573163174
"Vac[75,80)","[75,80)",Vac_1d,2024,1,Q_All_d,17142880.938795466,17142680.885828003,17137081.417575978,17149756.029719736
"Vac[75,80)","[75,80)",Vac_1d,2024,1,C_Hosp,40999799.347639844,40368013.15418947,34060797.76218053,50083604.42929754
"Vac[75,80)","[75,80)",Vac_1d,2024,1,C_GP_NonPHN,12089970.340034159,12077989.054118019,10576582.966605851,13719600.599512484
"Vac[75,80)","[75,80)",Vac_1d,2024,1,C_GP_PHN,5425592.067688459,5280264.129662448,4878530.089850191,6303006.36837216
"Vac[75,80)","[75,80)",Vac_1d,2024,1,C_GP,17515562.40772262,17358253.18378047,15457777.033741783,19865360.617141373
"Vac[75,80)","[75,80)",Vac_1d,2024,1,C_Med,58515361.755362466,58572748.47000131,49941658.46072761,69369877.27241442
"Vac[75,80)","[75,80)",Vac_1d,2024,1,C_VacZVL,0,0,0,0
"Vac[75,80)","[75,80)",Vac_1d,2024,1,C_VacRZV,206005830,206005830,206005830,206005830
"Vac[75,80)","[75,80)",Vac_1d,2024,1,C_Vac,206005830,206005830,206005830,206005830
"Vac[75,80)","[75,80)",Vac_1d,2024,1,C_All,264521191.75536245,264578578.4700013,255947488.4607276,275375707.2724144
"Vac[75,80)","[75,80)",Vac_1d,2024,1,C_Hosp_d,28157618.257526606,27450534.070109066,23437226.459290087,34639415.288525835
"Vac[75,80)","[75,80)",Vac_1d,2024,1,C_GP_NonPHN_d,8984264.993059194,9002882.911909848,7634686.858253524,10346622.519470703
"Vac[75,80)","[75,80)",Vac_1d,2024,1,C_GP_PHN_d,4033331.853056105,3911328.620001278,3558485.9651961485,4630745.963098336
"Vac[75,80)","[75,80)",Vac_1d,2024,1,C_GP_d,13017596.846115299,12914211.531911127,11204255.050312966,14919185.19603721
"Vac[75,80)","[75,80)",Vac_1d,2024,1,C_Med_d,41175215.103641905,40979382.0711587,34799417.32564078,49110095.71299739
"Vac[75,80)","[75,80)",Vac_1d,2024,1,C_VacZVL_d,0,0,0,0
"Vac[75,80)","[75,80)",Vac_1d,2024,1,C_VacRZV_d,206005830,206005830,206005830,206005830
"Vac[75,80)","[75,80)",Vac_1d,2024,1,C_Vac_d,206005830,206005830,206005830,206005830
"Vac[75,80)","[75,80)",Vac_1d,2024,1,C_All_d,247181045.10364193,246985212.0711587,240805247.3256408,255115925.7129974
"Vac[75,80)","[75,80)",Vac_1d,2024,1,N_VacZVL,0,0,0,0
"Vac[75,80)","[75,80)",Vac_1d,2024,1,N_VacRZV,2423598,2423598,2423598,2423598
"Vac[75,80)","[75,80)",Vac_1d,2024,1,N_VacZVL_d,0,0,0,0
"Vac[75,80)","[75,80)",Vac_1d,2024,1,N_VacRZV_d,2423598,2423598,2423598,2423598
"Vac[75,80)","[75,80)",Vac_2d,2024,1,Year_Life,11.841311475417521,11.84132217457812,11.841186414399793,11.841372916106462
"Vac[75,80)","[75,80)",Vac_2d,2024,1,Year_Immunised,6.930938551309931,6.977719114771354,6.243758292642473,7.5980261960458195
"Vac[75,80)","[75,80)",Vac_2d,2024,1,Risk_HZ,0.0455976674136109,0.044697312780922545,0.03947236671476862,0.05278816080379128
"Vac[75,80)","[75,80)",Vac_2d,2024,1,Risk_Hosp,0.0031713947705290465,0.0031636759638533135,0.002542294025914403,0.003942661537595041
"Vac[75,80)","[75,80)",Vac_2d,2024,1,Risk_PHN,0.004095112781569415,0.003960051330960089,0.0035246937911319835,0.0048406323631334965
"Vac[75,80)","[75,80)",Vac_2d,2024,1,Risk_Death,4.7121053159476834e-7,4.796419565388166e-7,3.134862368494105e-7,6.608563945180268e-7
"Vac[75,80)","[75,80)",Vac_2d,2024,1,Q_Life,21480192.000497036,21480210.465425268,21479988.061361853,21480293.244706903
"Vac[75,80)","[75,80)",Vac_2d,2024,1,Q_HZ,-18423.358617584076,-18460.055925262233,-24212.675152985717,-11112.499181542607
"Vac[75,80)","[75,80)",Vac_2d,2024,1,Q_HZ_Norm,-5615.186769826721,-5190.446840268293,-10351.844264761963,-1445.2563470423079
"Vac[75,80)","[75,80)",Vac_2d,2024,1,Q_All,21406656.791811533,21406606.11240282,21400897.41386258,21413996.00853078
"Vac[75,80)","[75,80)",Vac_2d,2024,1,Q_HZ_d,-13286.812795592507,-13422.909350646514,-17419.16436241029,-7904.30060555739
"Vac[75,80)","[75,80)",Vac_2d,2024,1,Q_HZ_Norm_d,-4148.3748252138075,-3775.3814605129883,-7880.49123530835,-1053.4727068413893
"Vac[75,80)","[75,80)",Vac_2d,2024,1,Q_Life_d,17160120.688015267,17160134.249375604,17159997.73183943,17160184.42193369
"Vac[75,80)","[75,80)",Vac_2d,2024,1,Q_All_d,17146833.875219673,17146688.555283833,17142720.159540106,17152235.112209607
"Vac[75,80)","[75,80)",Vac_2d,2024,1,C_Hosp,34176733.49440882,34203254.50436678,27044741.454955548,42557119.18812234
"Vac[75,80)","[75,80)",Vac_2d,2024,1,C_GP_NonPHN,9541261.15340854,9279323.019775951,8276992.259565712,11028725.795210185
"Vac[75,80)","[75,80)",Vac_2d,2024,1,C_GP_PHN,4282872.934796778,4029844.9203191632,3772022.0618068413,5169966.015633921
"Vac[75,80)","[75,80)",Vac_2d,2024,1,C_GP,13824134.088205319,13284962.572769815,12057010.488273973,16053970.44461405
"Vac[75,80)","[75,80)",Vac_2d,2024,1,C_Med,48000867.58261414,48734077.11893962,39811798.70315064,58050452.613925025
"Vac[75,80)","[75,80)",Vac_2d,2024,1,C_VacZVL,0,0,0,0
"Vac[75,80)","[75,80)",Vac_2d,2024,1,C_VacRZV,412011660,412011660,412011660,412011660
"Vac[75,80)","[75,80)",Vac_2d,2024,1,C_Vac,412011660,412011660,412011660,412011660
"Vac[75,80)","[75,80)",Vac_2d,2024,1,C_All,460012527.5826141,460745737.11893964,451823458.70315063,470062112.613925
"Vac[75,80)","[75,80)",Vac_2d,2024,1,C_Hosp_d,23020330.095513564,22795326.42215503,18574398.680626027,28880357.52254781
"Vac[75,80)","[75,80)",Vac_2d,2024,1,C_GP_NonPHN_d,6932155.079752394,6882993.051541158,5840147.660033122,8130630.389649701
"Vac[75,80)","[75,80)",Vac_2d,2024,1,C_GP_PHN_d,3114423.693542514,3009628.412995462,2705109.438881672,3714330.7731449488
"Vac[75,80)","[75,80)",Vac_2d,2024,1,C_GP_d,10046578.773294907,9897821.730929688,8545257.098914793,11766267.084895328
"Vac[75,80)","[75,80)",Vac_2d,2024,1,C_Med_d,33066908.86880847,33343624.759189762,27396066.205859512,40240355.40245365
"Vac[75,80)","[75,80)",Vac_2d,2024,1,C_VacZVL_d,0,0,0,0
"Vac[75,80)","[75,80)",Vac_2d,2024,1,C_VacRZV_d,412011660,412011660,412011660,412011660
"Vac[75,80)","[75,80)",Vac_2d,2024,1,C_Vac_d,412011660,412011660,412011660,412011660
"Vac[75,80)","[75,80)",Vac_2d,2024,1,C_All_d,445078568.86880845,445355284.7591897,439407726.2058595,452252015.40245366
"Vac[75,80)","[75,80)",Vac_2d,2024,1,N_VacZVL,0,0,0,0
"Vac[75,80)","[75,80)",Vac_2d,2024,1,N_VacRZV,4847196,4847196,4847196,4847196
"Vac[75,80)","[75,80)",Vac_2d,2024,1,N_VacZVL_d,0,0,0,0
"Vac[75,80)","[75,80)",Vac_2d,2024,1,N_VacRZV_d,4847196,4847196,4847196,4847196
"Vac[80,85)","[80,85)",SOC,2024,1,Year_Life,8.734630925292757,8.734659340403315,8.734501198687502,8.734674067464548
"Vac[80,85)","[80,85)",SOC,2024,1,Year_Immunised,0,0,0,0
"Vac[80,85)","[80,85)",SOC,2024,1,Risk_HZ,0.08194806150951553,0.08158435225946675,0.08033393912177783,0.08406179925546683
"Vac[80,85)","[80,85)",SOC,2024,1,Risk_Hosp,0.005714365966688949,0.00558939798148567,0.005090285241599879,0.006685658917999327
"Vac[80,85)","[80,85)",SOC,2024,1,Risk_PHN,0.007436969602485338,0.007355096655324902,0.007154486553737608,0.007905012854118544
"Vac[80,85)","[80,85)",SOC,2024,1,Risk_Death,1.3024577533369416e-6,1.2594707885819066e-6,1.2077817549789359e-6,1.5553812844097743e-6
"Vac[80,85)","[80,85)",SOC,2024,1,Q_Life,9795552.947602184,9795581.98421608,9795421.622180749,9795596.877721865
"Vac[80,85)","[80,85)",SOC,2024,1,Q_HZ,-20719.838784941385,-21255.952167699863,-27409.059155625342,-13009.328074244768
"Vac[80,85)","[80,85)",SOC,2024,1,Q_HZ_Norm,-6295.982635686459,-5736.4021474933925,-11877.21968658919,-1565.3933464223715
"Vac[80,85)","[80,85)",SOC,2024,1,Q_All,9732791.501924932,9732297.926568814,9726126.201669175,9740447.578784935
"Vac[80,85)","[80,85)",SOC,2024,1,Q_HZ_d,-17493.193588122213,-17927.165517427235,-23110.38193552904,-11004.038777409942
"Vac[80,85)","[80,85)",SOC,2024,1,Q_HZ_Norm_d,-5381.485919352663,-4905.846407931553,-10149.344967452102,-1341.017930263834
"Vac[80,85)","[80,85)",SOC,2024,1,Q_Life_d,8238942.38696577,8238963.430054989,8238849.81411523,8238973.896649228
"Vac[80,85)","[80,85)",SOC,2024,1,Q_All_d,8221449.1933776485,8221046.157831099,8215849.757059068,8227897.743858701
"Vac[80,85)","[80,85)",SOC,2024,1,C_Hosp,38414050.864332266,37449051.63414511,34218726.11314437,44934706.02689248
"Vac[80,85)","[80,85)",SOC,2024,1,C_GP_NonPHN,10669533.19954261,10687569.15808079,10391676.830283608,10903283.848116022
"Vac[80,85)","[80,85)",SOC,2024,1,C_GP_PHN,4848550.4677357925,4776230.508062607,4549819.222424275,5231077.860379394
"Vac[80,85)","[80,85)",SOC,2024,1,C_GP,15518083.667278403,15638911.735045165,14967106.499727806,15891002.304251734
"Vac[80,85)","[80,85)",SOC,2024,1,C_Med,53932134.53161067,52963991.32460706,49969392.455692,60030042.98851089
"Vac[80,85)","[80,85)",SOC,2024,1,C_VacZVL,0,0,0,0
"Vac[80,85)","[80,85)",SOC,2024,1,C_VacRZV,0,0,0,0
"Vac[80,85)","[80,85)",SOC,2024,1,C_Vac,0,0,0,0
"Vac[80,85)","[80,85)",SOC,2024,1,C_All,53932134.53161067,52963991.32460706,49969392.455692,60030042.98851089
"Vac[80,85)","[80,85)",SOC,2024,1,C_Hosp_d,31076785.114265833,30303560.869959302,27395796.995081767,36580838.63978841
"Vac[80,85)","[80,85)",SOC,2024,1,C_GP_NonPHN_d,9051472.815950694,9061302.872928247,8793920.39581305,9257497.295418598
"Vac[80,85)","[80,85)",SOC,2024,1,C_GP_PHN_d,4129118.8153490555,4069509.11921619,3898654.7146029556,4416587.203244261
"Vac[80,85)","[80,85)",SOC,2024,1,C_GP_d,13180591.631299749,13279240.754696637,12729778.82180386,13497099.234892372
"Vac[80,85)","[80,85)",SOC,2024,1,C_Med_d,44257376.74556558,43305582.92464839,40747754.24603008,49417860.27713214
"Vac[80,85)","[80,85)",SOC,2024,1,C_VacZVL_d,0,0,0,0
"Vac[80,85)","[80,85)",SOC,2024,1,C_VacRZV_d,0,0,0,0
"Vac[80,85)","[80,85)",SOC,2024,1,C_Vac_d,0,0,0,0
"Vac[80,85)","[80,85)",SOC,2024,1,C_All_d,44257376.74556558,43305582.92464839,40747754.24603008,49417860.27713214
"Vac[80,85)","[80,85)",SOC,2024,1,N_VacZVL,0,0,0,0
"Vac[80,85)","[80,85)",SOC,2024,1,N_VacRZV,0,0,0,0
"Vac[80,85)","[80,85)",SOC,2024,1,N_VacZVL_d,0,0,0,0
"Vac[80,85)","[80,85)",SOC,2024,1,N_VacRZV_d,0,0,0,0
"Vac[80,85)","[80,85)",Vac_1d,2024,1,Year_Life,8.735035108596922,8.735058789685493,8.734913818161841,8.735109585437243
"Vac[80,85)","[80,85)",Vac_1d,2024,1,Year_Immunised,4.795431248326001,4.794018025293491,4.226510148345234,5.484128988165571
"Vac[80,85)","[80,85)",Vac_1d,2024,1,Risk_HZ,0.03650992309012954,0.03659095144012908,0.0301843874861312,0.04245976559755126
"Vac[80,85)","[80,85)",Vac_1d,2024,1,Risk_Hosp,0.0028910437204316417,0.0029054385272747948,0.002211008034631379,0.003624750264876226
"Vac[80,85)","[80,85)",Vac_1d,2024,1,Risk_PHN,0.003278959054432497,0.0032972452637163386,0.002588498226097054,0.0039703749691273205
"Vac[80,85)","[80,85)",Vac_1d,2024,1,Risk_Death,4.127885322736252e-7,3.82599503527609e-7,3.1964364577199563e-7,5.902877221874949e-7
"Vac[80,85)","[80,85)",Vac_1d,2024,1,Q_Life,9795967.654975355,9795991.709631935,9795845.459250655,9796043.616699263
"Vac[80,85)","[80,85)",Vac_1d,2024,1,Q_HZ,-9273.898203484443,-9250.303945363667,-12821.220745997762,-5429.18018551326
"Vac[80,85)","[80,85)",Vac_1d,2024,1,Q_HZ_Norm,-2731.2856921385824,-2472.0118455659735,-5549.923473412144,-686.3126248026566
"Vac[80,85)","[80,85)",Vac_1d,2024,1,Q_All,9744645.956687892,9744659.749897636,9741079.60958258,9748524.438148264
"Vac[80,85)","[80,85)",Vac_1d,2024,1,Q_HZ_d,-7358.517971149351,-7401.355437886032,-10445.458273901286,-4252.794337428985
"Vac[80,85)","[80,85)",Vac_1d,2024,1,Q_HZ_Norm_d,-2206.286594962886,-1963.0440208959567,-4591.067555979086,-545.2181549086117
"Vac[80,85)","[80,85)",Vac_1d,2024,1,Q_Life_d,8239246.692788044,8239262.625907879,8239161.889131762,8239301.433273143
"Vac[80,85)","[80,85)",Vac_1d,2024,1,Q_All_d,8231888.174816894,8231837.650886379,8228784.485774062,8235018.753814371
"Vac[80,85)","[80,85)",Vac_1d,2024,1,C_Hosp,19587916.837339137,19752364.713249274,14983398.50086385,24616210.842029985
"Vac[80,85)","[80,85)",Vac_1d,2024,1,C_GP_NonPHN,4694672.830202633,4667512.689364018,3908738.5006617317,5454276.123831054
"Vac[80,85)","[80,85)",Vac_1d,2024,1,C_GP_PHN,2108057.8476577527,2073888.4948592905,1708869.995785925,2529015.3205747358
"Vac[80,85)","[80,85)",Vac_1d,2024,1,C_GP,6802730.677860385,6741401.184223308,5627375.674652224,7944114.30291247
"Vac[80,85)","[80,85)",Vac_1d,2024,1,C_Med,26390647.515199523,26873439.278501794,20611976.62240179,32260368.786122456
"Vac[80,85)","[80,85)",Vac_1d,2024,1,C_VacZVL,0,0,0,0
"Vac[80,85)","[80,85)",Vac_1d,2024,1,C_VacRZV,128222245,128222245,128222245,128222245
"Vac[80,85)","[80,85)",Vac_1d,2024,1,C_Vac,128222245,128222245,128222245,128222245
"Vac[80,85)","[80,85)",Vac_1d,2024,1,C_All,154612892.5151995,155095684.2785018,148834221.6224018,160482613.78612244
"Vac[80,85)","[80,85)",Vac_1d,2024,1,C_Hosp_d,14917218.98925109,14898427.653845519,11238835.544458944,18953275.43161827
"Vac[80,85)","[80,85)",Vac_1d,2024,1,C_GP_NonPHN_d,3742005.0468369927,3741730.0802421486,3024855.8817504914,4437537.661079379
"Vac[80,85)","[80,85)",Vac_1d,2024,1,C_GP_PHN_d,1687253.2613061296,1655390.3299854437,1342363.8724775352,2007640.6676617423
"Vac[80,85)","[80,85)",Vac_1d,2024,1,C_GP_d,5429258.308143122,5397120.410227593,4374006.595469339,6423823.8874122
"Vac[80,85)","[80,85)",Vac_1d,2024,1,C_Med_d,20346477.297394212,20575485.6125352,15613927.025850296,25098759.36968589
"Vac[80,85)","[80,85)",Vac_1d,2024,1,C_VacZVL_d,0,0,0,0
"Vac[80,85)","[80,85)",Vac_1d,2024,1,C_VacRZV_d,128222245,128222245,128222245,128222245
"Vac[80,85)","[80,85)",Vac_1d,2024,1,C_Vac_d,128222245,128222245,128222245,128222245
"Vac[80,85)","[80,85)",Vac_1d,2024,1,C_All_d,148568722.29739422,148797730.61253518,143836172.0258503,153321004.3696859
"Vac[80,85)","[80,85)",Vac_1d,2024,1,N_VacZVL,0,0,0,0
"Vac[80,85)","[80,85)",Vac_1d,2024,1,N_VacRZV,1508497,1508497,1508497,1508497
"Vac[80,85)","[80,85)",Vac_1d,2024,1,N_VacZVL_d,0,0,0,0
"Vac[80,85)","[80,85)",Vac_1d,2024,1,N_VacRZV_d,1508497,1508497,1508497,1508497
"Vac[80,85)","[80,85)",Vac_2d,2024,1,Year_Life,8.7351235334181645,8.735140671467079,8.735022805402078,8.73518381545441
"Vac[80,85)","[80,85)",Vac_2d,2024,1,Year_Immunised,5.760736918541396,5.783488904320281,5.258606869179552,6.304485888110794
"Vac[80,85)","[80,85)",Vac_2d,2024,1,Risk_HZ,0.02745043782695919,0.02727044113898686,0.022390796109877202,0.032580355840903304
"Vac[80,85)","[80,85)",Vac_2d,2024,1,Risk_Hosp,0.0022418688871918974,0.0022883542183520147,0.0016841352943134894,0.002854520496119098
"Vac[80,85)","[80,85)",Vac_2d,2024,1,Risk_PHN,0.00246048908569636,0.002449110622816506,0.001897302952957873,0.0030814319595587115
"Vac[80,85)","[80,85)",Vac_2d,2024,1,Risk_Death,2.7124609502928745e-7,2.5352493049245934e-7,2.0305068689486258e-7,4.0208955369437674e-7
"Vac[80,85)","[80,85)",Vac_2d,2024,1,Q_Life,9796057.331658358,9796075.040711615,9795956.27330128,9796118.483382363
"Vac[80,85)","[80,85)",Vac_2d,2024,1,Q_HZ,-6965.859644244254,-6942.867879194586,-9389.61630139146,-4027.7331348733946
"Vac[80,85)","[80,85)",Vac_2d,2024,1,Q_HZ_Norm,-2022.3456206306225,-1903.6095204839112,-4028.0695810821608,-501.64449910219753
"Vac[80,85)","[80,85)",Vac_2d,2024,1,Q_All,9747041.63065698,9747056.715081211,9744610.35934848,9750009.11526091
"Vac[80,85)","[80,85)",Vac_2d,2024,1,Q_HZ_d,-5430.362152389045,-5454.004819133679,-7561.566608156952,-3096.0337809014745
"Vac[80,85)","[80,85)",Vac_2d,2024,1,Q_HZ_Norm_d,-1606.999365851629,-1482.8521880792164,-3297.954681289423,-392.01199839094977
"Vac[80,85)","[80,85)",Vac_2d,2024,1,Q_Life_d,8239309.805296136,8239322.902793836,8239240.547355865,8239353.380469944
"Vac[80,85)","[80,85)",Vac_2d,2024,1,Q_All_d,8233879.443143747,8233849.736990806,8231740.128028729,8236235.171760881
"Vac[80,85)","[80,85)",Vac_2d,2024,1,C_Hosp,15197406.423468428,15564775.96121578,11408532.752386155,19410277.816750653
"Vac[80,85)","[80,85)",Vac_2d,2024,1,C_GP_NonPHN,3514801.4231453086,3458488.785243514,2892020.9654914956,4144695.646024353
"Vac[80,85)","[80,85)",Vac_2d,2024,1,C_GP_PHN,1575152.486857275,1541287.6494867965,1248050.5815874992,1962526.4185231938
"Vac[80,85)","[80,85)",Vac_2d,2024,1,C_GP,5089953.910002584,4999776.43473031,4146654.2757585235,6083114.992440598
"Vac[80,85)","[80,85)",Vac_2d,2024,1,C_Med,20287360.33347101,20945985.044625264,15561914.624634067,25240031.06296094
"Vac[80,85)","[80,85)",Vac_2d,2024,1,C_VacZVL,0,0,0,0
"Vac[80,85)","[80,85)",Vac_2d,2024,1,C_VacRZV,256444490,256444490,256444490,256444490
"Vac[80,85)","[80,85)",Vac_2d,2024,1,C_Vac,256444490,256444490,256444490,256444490
"Vac[80,85)","[80,85)",Vac_2d,2024,1,C_All,276731850.333471,277390475.0446253,272006404.624634,281684521.062961
"Vac[80,85)","[80,85)",Vac_2d,2024,1,C_Hosp_d,11383974.058392785,11545928.885018066,8400360.727745716,14703971.277948996
"Vac[80,85)","[80,85)",Vac_2d,2024,1,C_GP_NonPHN_d,2752339.9432171956,2720736.7244264316,2197073.1391374767,3296277.8049203856
"Vac[80,85)","[80,85)",Vac_2d,2024,1,C_GP_PHN_d,1238620.3136113214,1207198.152549834,961678.7403232949,1524856.8046952705
"Vac[80,85)","[80,85)",Vac_2d,2024,1,C_GP_d,3990960.2568285167,3927934.8769762656,3164357.5095551023,4806346.841326269
"Vac[80,85)","[80,85)",Vac_2d,2024,1,C_Med_d,15374934.315221302,15757288.115853634,11565655.436508087,19343477.36101074
"Vac[80,85)","[80,85)",Vac_2d,2024,1,C_VacZVL_d,0,0,0,0
"Vac[80,85)","[80,85)",Vac_2d,2024,1,C_VacRZV_d,256444490,256444490,256444490,256444490
"Vac[80,85)","[80,85)",Vac_2d,2024,1,C_Vac_d,256444490,256444490,256444490,256444490
"Vac[80,85)","[80,85)",Vac_2d,2024,1,C_All_d,271819424.3152213,272201778.1158536,268010145.4365081,275787967.36101073
"Vac[80,85)","[80,85)",Vac_2d,2024,1,N_VacZVL,0,0,0,0
"Vac[80,85)","[80,85)",Vac_2d,2024,1,N_VacRZV,3016994,3016994,3016994,3016994
"Vac[80,85)","[80,85)",Vac_2d,2024,1,N_VacZVL_d,0,0,0,0
"Vac[80,85)","[80,85)",Vac_2d,2024,1,N_VacRZV_d,3016994,3016994,3016994,3016994
"Vac[85,90)","[85,90)",SOC,2024,1,Year_Life,6.243580631309191,6.243599449141687,6.243461872763199,6.2436249039630365
"Vac[85,90)","[85,90)",SOC,2024,1,Year_Immunised,0,0,0,0
"Vac[85,90)","[85,90)",SOC,2024,1,Risk_HZ,0.05743382732245427,0.05722789434475893,0.05654702973129826,0.05837294847950336
"Vac[85,90)","[85,90)",SOC,2024,1,Risk_Hosp,0.0050956824331624614,0.004882989815590612,0.004433750404054882,0.00585907708473036
"Vac[85,90)","[85,90)",SOC,2024,1,Risk_PHN,0.0050924225784693975,0.005006063862854364,0.00439212517975549,0.0057599145103838165
"Vac[85,90)","[85,90)",SOC,2024,1,Risk_Death,1.2476561870160861e-6,1.2108474813467076e-6,1.1517720441078334e-6,1.5012221149816871e-6
"Vac[85,90)","[85,90)",SOC,2024,1,Q_Life,4349271.866160193,4349283.572143849,4349198.2864188515,4349299.259230826
"Vac[85,90)","[85,90)",SOC,2024,1,Q_HZ,-9143.07424447582,-9471.605972222835,-12210.416213240303,-5684.005754401953
"Vac[85,90)","[85,90)",SOC,2024,1,Q_HZ_Norm,-2564.6485235256077,-2350.2755851918237,-4839.849595545125,-630.268759633686
"Vac[85,90)","[85,90)",SOC,2024,1,Q_All,4302259.136548863,4301951.720390206,4299200.737768232,4305699.555009576
"Vac[85,90)","[85,90)",SOC,2024,1,Q_HZ_d,-8100.230163890837,-8394.479412872448,-10808.223170338606,-5046.785244908924
"Vac[85,90)","[85,90)",SOC,2024,1,Q_HZ_Norm_d,-2288.9017927460964,-2095.09135900421,-4316.172560828027,-564.2453018112047
"Vac[85,90)","[85,90)",SOC,2024,1,Q_Life_d,3829413.3757259147,3829422.5852375235,3829355.9066168773,3829434.7182680075
"Vac[85,90)","[85,90)",SOC,2024,1,Q_All_d,3821313.145562024,3821036.0766041866,3818612.45274776,3824351.3493782403
"Vac[85,90)","[85,90)",SOC,2024,1,C_Hosp,21775866.840467293,20828181.094537526,18889292.898025174,25109007.054039836
"Vac[85,90)","[85,90)",SOC,2024,1,C_GP_NonPHN,4560906.144102297,4541117.935254362,4455025.270984184,4687972.029718079
"Vac[85,90)","[85,90)",SOC,2024,1,C_GP_PHN,2019810.0465895634,2001585.6275075206,1748643.909257138,2332378.3439074904
"Vac[85,90)","[85,90)",SOC,2024,1,C_GP,6580716.19069186,6559600.972881474,6292259.831305966,6869625.578155339
"Vac[85,90)","[85,90)",SOC,2024,1,C_Med,28356583.031159155,27442542.569564022,25434638.354457587,31784637.941585343
"Vac[85,90)","[85,90)",SOC,2024,1,C_VacZVL,0,0,0,0
"Vac[85,90)","[85,90)",SOC,2024,1,C_VacRZV,0,0,0,0
"Vac[85,90)","[85,90)",SOC,2024,1,C_Vac,0,0,0,0
"Vac[85,90)","[85,90)",SOC,2024,1,C_All,28356583.031159155,27442542.569564022,25434638.354457587,31784637.941585343
"Vac[85,90)","[85,90)",SOC,2024,1,C_Hosp_d,19036725.80839527,18188020.442364715,16531198.654039418,22070720.2641426
"Vac[85,90)","[85,90)",SOC,2024,1,C_GP_NonPHN_d,4050341.947823119,4034068.587469315,3959216.337954767,4162602.8410983174
"Vac[85,90)","[85,90)",SOC,2024,1,C_GP_PHN_d,1798605.07219173,1785344.5296015176,1565156.02509584,2074663.9207475195
"Vac[85,90)","[85,90)",SOC,2024,1,C_GP_d,5848947.020014849,5836010.036541464,5601147.477422731,6108518.332687507
"Vac[85,90)","[85,90)",SOC,2024,1,C_Med_d,24885672.82841012,24049888.550888933,22267360.969527833,27993757.217992164
"Vac[85,90)","[85,90)",SOC,2024,1,C_VacZVL_d,0,0,0,0
"Vac[85,90)","[85,90)",SOC,2024,1,C_VacRZV_d,0,0,0,0
"Vac[85,90)","[85,90)",SOC,2024,1,C_Vac_d,0,0,0,0
"Vac[85,90)","[85,90)",SOC,2024,1,C_All_d,24885672.82841012,24049888.550888933,22267360.969527833,27993757.217992164
"Vac[85,90)","[85,90)",SOC,2024,1,N_VacZVL,0,0,0,0
"Vac[85,90)","[85,90)",SOC,2024,1,N_VacRZV,0,0,0,0
"Vac[85,90)","[85,90)",SOC,2024,1,N_VacZVL_d,0,0,0,0
"Vac[85,90)","[85,90)",SOC,2024,1,N_VacRZV_d,0,0,0,0
"Vac[85,90)","[85,90)",Vac_1d,2024,1,Year_Life,6.243984944626247,6.243997560121033,6.2438848898311345,6.24405685339366
"Vac[85,90)","[85,90)",Vac_1d,2024,1,Year_Immunised,3.865020380104258,3.848179133322364,3.3876252581204316,4.435017702583473
"Vac[85,90)","[85,90)",Vac_1d,2024,1,Risk_HZ,0.02156950149838579,0.021761831065293794,0.016342979887240483,0.026195670206011826
"Vac[85,90)","[85,90)",Vac_1d,2024,1,Risk_Hosp,0.002018770760634094,0.0020972978322474443,0.0013477284143347589,0.002598728007970747
"Vac[85,90)","[85,90)",Vac_1d,2024,1,Risk_PHN,0.0018984888140952875,0.001909024515723967,0.0013057997675378203,0.002536543790221812
"Vac[85,90)","[85,90)",Vac_1d,2024,1,Risk_Death,2.273908705437903e-7,2.0287373191141168e-7,1.440452464215298e-7,3.485637665523651e-7
"Vac[85,90)","[85,90)",Vac_1d,2024,1,Q_Life,4349524.5673880335,4349532.122649113,4349462.538683502,4349569.335648491
"Vac[85,90)","[85,90)",Vac_1d,2024,1,Q_HZ,-3432.2622900727,-3451.042678048306,-5089.1657596036075,-1915.2798251546747
"Vac[85,90)","[85,90)",Vac_1d,2024,1,Q_HZ_Norm,-957.0450971757316,-888.2641252317345,-2073.235439149461,-217.04969075136952
"Vac[85,90)","[85,90)",Vac_1d,2024,1,Q_All,4308215.458121165,4308188.975417314,4306531.301546735,4309758.007409262
"Vac[85,90)","[85,90)",Vac_1d,2024,1,Q_HZ_d,-2911.295339983534,-2948.592808407164,-4404.9194378422035,-1603.3650389163054
"Vac[85,90)","[85,90)",Vac_1d,2024,1,Q_HZ_Norm_d,-821.6708103550919,-750.7429026093901,-1812.6181012654176,-182.92679396699108
"Vac[85,90)","[85,90)",Vac_1d,2024,1,Q_Life_d,3829614.002945962,3829619.9106446877,3829565.49029799,3829649.220266469
"Vac[85,90)","[85,90)",Vac_1d,2024,1,Q_All_d,3826702.7076059785,3826658.9709927933,3825186.4897084422,3828034.568766078
"Vac[85,90)","[85,90)",Vac_1d,2024,1,C_Hosp,8569251.078615973,8873857.371089572,5681066.373663062,11101500.077299358
"Vac[85,90)","[85,90)",Vac_1d,2024,1,C_GP_NonPHN,1691194.3420109004,1678127.5761062826,1303355.858783729,2080447.490188811
"Vac[85,90)","[85,90)",Vac_1d,2024,1,C_GP_PHN,742570.4746968313,749315.1299174248,525231.4848030573,977953.689877149
"Vac[85,90)","[85,90)",Vac_1d,2024,1,C_GP,2433764.8167077317,2439504.8347815345,1830270.3558024669,2992039.9309494803
"Vac[85,90)","[85,90)",Vac_1d,2024,1,C_Med,11003015.895323705,11462436.944264835,7511336.729465529,13992868.177084921
"Vac[85,90)","[85,90)",Vac_1d,2024,1,C_VacZVL,0,0,0,0
"Vac[85,90)","[85,90)",Vac_1d,2024,1,C_VacRZV,79948365,79948365,79948365,79948365
"Vac[85,90)","[85,90)",Vac_1d,2024,1,C_Vac,79948365,79948365,79948365,79948365
"Vac[85,90)","[85,90)",Vac_1d,2024,1,C_All,90951380.89532371,91410801.94426483,87459701.72946553,93941233.17708492
"Vac[85,90)","[85,90)",Vac_1d,2024,1,C_Hosp_d,7170676.373637841,7414410.584116681,4655929.6872547865,9431482.583683731
"Vac[85,90)","[85,90)",Vac_1d,2024,1,C_GP_NonPHN_d,1437533.7676536546,1435475.9830399093,1081585.2581465798,1811016.740715741
"Vac[85,90)","[85,90)",Vac_1d,2024,1,C_GP_PHN_d,632727.8387203722,648304.5387442415,441960.6856625999,829124.3836825963
"Vac[85,90)","[85,90)",Vac_1d,2024,1,C_GP_d,2070261.6063740267,2085718.2325009722,1524012.829907471,2576285.850411264
"Vac[85,90)","[85,90)",Vac_1d,2024,1,C_Med_d,9240937.980011867,9529426.443627527,6179942.517162258,11928661.074414875
"Vac[85,90)","[85,90)",Vac_1d,2024,1,C_VacZVL_d,0,0,0,0
"Vac[85,90)","[85,90)",Vac_1d,2024,1,C_VacRZV_d,79948365,79948365,79948365,79948365
"Vac[85,90)","[85,90)",Vac_1d,2024,1,C_Vac_d,79948365,79948365,79948365,79948365
"Vac[85,90)","[85,90)",Vac_1d,2024,1,C_All_d,89189302.98001187,89477791.44362754,86128307.51716226,91877026.07441488
"Vac[85,90)","[85,90)",Vac_1d,2024,1,N_VacZVL,0,0,0,0
"Vac[85,90)","[85,90)",Vac_1d,2024,1,N_VacRZV,940569,940569,940569,940569
"Vac[85,90)","[85,90)",Vac_1d,2024,1,N_VacZVL_d,0,0,0,0
"Vac[85,90)","[85,90)",Vac_1d,2024,1,N_VacRZV_d,940569,940569,940569,940569
"Vac[85,90)","[85,90)",Vac_2d,2024,1,Year_Life,6.244052865886618,6.244063661474328,6.243978191894756,6.24410632874243
"Vac[85,90)","[85,90)",Vac_2d,2024,1,Year_Immunised,4.544130283213431,4.552161032880699,4.168305716353862,4.979076091131674
"Vac[85,90)","[85,90)",Vac_2d,2024,1,Risk_HZ,0.015352634246729684,0.015312460364935214,0.01135645847785062,0.01895762387510439
"Vac[85,90)","[85,90)",Vac_2d,2024,1,Risk_Hosp,0.001452128827870425,0.0015127106322972493,9.488898231831856e-4,0.0018909599134245968
"Vac[85,90)","[85,90)",Vac_2d,2024,1,Risk_PHN,0.0013501735841764421,0.0013498568262560093,8.96757499812396e-4,0.0018620327450917036
"Vac[85,90)","[85,90)",Vac_2d,2024,1,Risk_Death,1.2772740250207237e-7,1.1502911789819901e-7,7.995139155330375e-8,2.0182287744284317e-7
"Vac[85,90)","[85,90)",Vac_2d,2024,1,Q_Life,4349566.533646684,4349573.002604018,4349520.365331838,4349599.718364248
"Vac[85,90)","[85,90)",Vac_2d,2024,1,Q_HZ,-2436.017941876644,-2448.3039941032866,-3601.027061250387,-1330.857462089643
"Vac[85,90)","[85,90)",Vac_2d,2024,1,Q_HZ_Norm,-674.5117979444348,-644.2742918900954,-1460.5367097331043,-148.2333109033478
"Vac[85,90)","[85,90)",Vac_2d,2024,1,Q_All,4309251.903843452,4309234.226644006,4308067.0013866,4310379.667963106
"Vac[85,90)","[85,90)",Vac_2d,2024,1,Q_HZ_d,-2042.9991994125,-2068.2612375000153,-3096.967503012402,-1096.539143876004
"Vac[85,90)","[85,90)",Vac_2d,2024,1,Q_HZ_Norm_d,-573.1969487433029,-537.2644206541015,-1269.7787303796467,-123.26553919150751
"Vac[85,90)","[85,90)",Vac_2d,2024,1,Q_Life_d,3829646.4711022996,3829651.0660468126,3829610.554572559,3829672.40778985
"Vac[85,90)","[85,90)",Vac_2d,2024,1,Q_All_d,3827603.4719028873,3827573.710593138,3826533.035356605,3828568.1785729732
"Vac[85,90)","[85,90)",Vac_2d,2024,1,C_Hosp,6141964.718756732,6388611.626895829,3976765.8749742443,8060535.481473679
"Vac[85,90)","[85,90)",Vac_2d,2024,1,C_GP_NonPHN,1198044.0150129688,1174716.9211488832,900977.4056503908,1479438.9054906715
"Vac[85,90)","[85,90)",Vac_2d,2024,1,C_GP_PHN,525735.9678197756,528136.5723115987,359796.7583818515,715601.7423348841
"Vac[85,90)","[85,90)",Vac_2d,2024,1,C_GP,1723779.9828327443,1708203.6508701728,1260981.5414351167,2162153.1681626826
"Vac[85,90)","[85,90)",Vac_2d,2024,1,C_Med,7865744.701589476,8316478.05483381,5237747.416409361,10180032.214111801
"Vac[85,90)","[85,90)",Vac_2d,2024,1,C_VacZVL,0,0,0,0
"Vac[85,90)","[85,90)",Vac_2d,2024,1,C_VacRZV,159896730,159896730,159896730,159896730
"Vac[85,90)","[85,90)",Vac_2d,2024,1,C_Vac,159896730,159896730,159896730,159896730
"Vac[85,90)","[85,90)",Vac_2d,2024,1,C_All,167762474.70158947,168213208.0548338,165134477.41640937,170076762.2141118
"Vac[85,90)","[85,90)",Vac_2d,2024,1,C_Hosp_d,5081999.248134451,5328821.943217648,3212747.808991129,6768064.535284655
"Vac[85,90)","[85,90)",Vac_2d,2024,1,C_GP_NonPHN_d,1006844.6887378127,993427.6893012427,737481.7484659106,1279980.3486630719
"Vac[85,90)","[85,90)",Vac_2d,2024,1,C_GP_PHN_d,442837.4540301592,450494.9273577939,298319.7567093337,599086.0780228975
"Vac[85,90)","[85,90)",Vac_2d,2024,1,C_GP_d,1449682.1427679718,1443922.6166590366,1035801.5051752443,1843040.3101499788
"Vac[85,90)","[85,90)",Vac_2d,2024,1,C_Med_d,6531681.390902423,6920051.3826724505,4248549.314166373,8571210.740603294
"Vac[85,90)","[85,90)",Vac_2d,2024,1,C_VacZVL_d,0,0,0,0
"Vac[85,90)","[85,90)",Vac_2d,2024,1,C_VacRZV_d,159896730,159896730,159896730,159896730
"Vac[85,90)","[85,90)",Vac_2d,2024,1,C_Vac_d,159896730,159896730,159896730,159896730
"Vac[85,90)","[85,90)",Vac_2d,2024,1,C_All_d,166428411.39090243,166816781.38267243,164145279.3141664,168467940.74060327
"Vac[85,90)","[85,90)",Vac_2d,2024,1,N_VacZVL,0,0,0,0
"Vac[85,90)","[85,90)",Vac_2d,2024,1,N_VacRZV,1881138,1881138,1881138,1881138
"Vac[85,90)","[85,90)",Vac_2d,2024,1,N_VacZVL_d,0,0,0,0
"Vac[85,90)","[85,90)",Vac_2d,2024,1,N_VacRZV_d,1881138,1881138,1881138,1881138
"Vac[90,95)","[90,95)",SOC,2024,1,Year_Life,4.339954264048156,4.3399640588114075,4.339883827806869,4.33998160281341
"Vac[90,95)","[90,95)",SOC,2024,1,Year_Immunised,0,0,0,0
"Vac[90,95)","[90,95)",SOC,2024,1,Risk_HZ,0.03847559268632225,0.038399620361471584,0.03753065084432686,0.03932711099945324
"Vac[90,95)","[90,95)",SOC,2024,1,Risk_Hosp,0.003948951006791855,0.0039980559285121495,0.0032493824737609145,0.004433425882583714
"Vac[90,95)","[90,95)",SOC,2024,1,Risk_PHN,0.003301081178165793,0.0032911906117800713,0.0026719889869129057,0.004010960241045512
"Vac[90,95)","[90,95)",SOC,2024,1,Risk_Death,9.069838725930246e-7,8.79932570974023e-7,8.219511888714714e-7,1.0903578480579472e-6
"Vac[90,95)","[90,95)",SOC,2024,1,Q_Life,1339012.0142633102,1339014.5984989493,1338993.4304747807,1339019.2272768458
"Vac[90,95)","[90,95)",SOC,2024,1,Q_HZ,-2715.022083538696,-2793.107364039739,-3660.708185818091,-1643.6131099938823
"Vac[90,95)","[90,95)",SOC,2024,1,Q_HZ_Norm,-697.7202302442042,-651.1832323516451,-1329.9159581570784,-164.74503070193367
"Vac[90,95)","[90,95)",SOC,2024,1,Q_All,1303481.0775632716,1303407.8505893012,1302537.1973805141,1304548.9039424867
"Vac[90,95)","[90,95)",SOC,2024,1,Q_HZ_d,-2509.6324526446324,-2581.445436821832,-3383.699154602497,-1519.7105226895405
"Vac[90,95)","[90,95)",SOC,2024,1,Q_HZ_Norm_d,-647.0773462679763,-602.8359513011706,-1233.4698426232071,-153.07269275311432
"Vac[90,95)","[90,95)",SOC,2024,1,Q_Life_d,1227946.8086907214,1227948.9890918997,1227931.1289644365,1227952.8945340812
"Vac[90,95)","[90,95)",SOC,2024,1,Q_All_d,1225437.1762380768,1225369.8632156246,1224564.78225132,1226423.7798235232
"Vac[90,95)","[90,95)",SOC,2024,1,C_Hosp,7433856.909463135,7506455.489050601,6098301.072897062,8385603.116551541
"Vac[90,95)","[90,95)",SOC,2024,1,C_GP_NonPHN,1319848.9815141987,1320383.9447073396,1262817.4683443005,1362105.714709981
"Vac[90,95)","[90,95)",SOC,2024,1,C_GP_PHN,564086.1408071509,559869.2953154201,442103.90554727823,676936.9594143631
"Vac[90,95)","[90,95)",SOC,2024,1,C_GP,1883935.1223213496,1876753.1153848781,1766753.403573932,1992521.3768707651
"Vac[90,95)","[90,95)",SOC,2024,1,C_Med,9317792.031784484,9426023.128552407,7972256.037878048,10167062.686853604
"Vac[90,95)","[90,95)",SOC,2024,1,C_VacZVL,0,0,0,0
"Vac[90,95)","[90,95)",SOC,2024,1,C_VacRZV,0,0,0,0
"Vac[90,95)","[90,95)",SOC,2024,1,C_Vac,0,0,0,0
"Vac[90,95)","[90,95)",SOC,2024,1,C_All,9317792.031784484,9426023.128552407,7972256.037878048,10167062.686853604
"Vac[90,95)","[90,95)",SOC,2024,1,C_Hosp_d,6871379.08045513,6921477.981451338,5610016.5657224255,7772475.038616262
"Vac[90,95)","[90,95)",SOC,2024,1,C_GP_NonPHN_d,1221107.2871915177,1221707.4219270137,1168030.16618165,1260853.6895550964
"Vac[90,95)","[90,95)",SOC,2024,1,C_GP_PHN_d,522164.2911694966,519053.13738859305,410776.26356628607,622908.1754839757
"Vac[90,95)","[90,95)",SOC,2024,1,C_GP_d,1743271.5783610144,1737054.874721962,1635826.8915464892,1844195.9597959854
"Vac[90,95)","[90,95)",SOC,2024,1,C_Med_d,8614650.658816144,8699169.703033525,7346183.634545356,9424949.948256858
"Vac[90,95)","[90,95)",SOC,2024,1,C_VacZVL_d,0,0,0,0
"Vac[90,95)","[90,95)",SOC,2024,1,C_VacRZV_d,0,0,0,0
"Vac[90,95)","[90,95)",SOC,2024,1,C_Vac_d,0,0,0,0
"Vac[90,95)","[90,95)",SOC,2024,1,C_All_d,8614650.658816144,8699169.703033525,7346183.634545356,9424949.948256858
"Vac[90,95)","[90,95)",SOC,2024,1,N_VacZVL,0,0,0,0
"Vac[90,95)","[90,95)",SOC,2024,1,N_VacRZV,0,0,0,0
"Vac[90,95)","[90,95)",SOC,2024,1,N_VacZVL_d,0,0,0,0
"Vac[90,95)","[90,95)",SOC,2024,1,N_VacRZV_d,0,0,0,0
"Vac[90,95)","[90,95)",Vac_1d,2024,1,Year_Life,4.3402082704959035,4.340217558287932,4.340150412142045,4.340251365001364
"Vac[90,95)","[90,95)",Vac_1d,2024,1,Year_Immunised,2.9654166655355327,2.9848133200447577,2.5101671825250653,3.4065240244284376
"Vac[90,95)","[90,95)",Vac_1d,2024,1,Risk_HZ,0.012064886571149906,0.011959957693674432,0.008084435384310525,0.016139616643000388
"Vac[90,95)","[90,95)",Vac_1d,2024,1,Risk_Hosp,0.0012548468712910111,0.0013086349197543993,7.293393531665066e-4,0.0016547241301652386
"Vac[90,95)","[90,95)",Vac_1d,2024,1,Risk_PHN,0.0010412284645468406,0.001085390289783252,5.927683915377994e-4,0.001570348373835463
"Vac[90,95)","[90,95)",Vac_1d,2024,1,Risk_Death,1.0473683096946768e-7,9.512816181800636e-8,4.941166995213654e-8,1.8113216240649396e-7
"Vac[90,95)","[90,95)",Vac_1d,2024,1,Q_Life,1339079.4301450527,1339081.9410118137,1339064.1637829186,1339090.8582036889
"Vac[90,95)","[90,95)",Vac_1d,2024,1,Q_HZ,-842.3238600573844,-860.0149069980305,-1386.8888714218822,-426.58285671403326
"Vac[90,95)","[90,95)",Vac_1d,2024,1,Q_HZ_Norm,-222.34727086364236,-209.5181629043098,-526.4486862665185,-42.145566022375974
"Vac[90,95)","[90,95)",Vac_1d,2024,1,Q_All,1305415.8240209848,1305397.74369058,1304862.4923528135,1305838.5228154873
"Vac[90,95)","[90,95)",Vac_1d,2024,1,Q_HZ_d,-761.4995541005125,-773.0881379971365,-1268.6394753557554,-382.24171370538915
"Vac[90,95)","[90,95)",Vac_1d,2024,1,Q_HZ_Norm_d,-202.19476970623595,-188.9445435788395,-483.9707162550725,-37.80624317752611
"Vac[90,95)","[90,95)",Vac_1d,2024,1,Q_Life_d,1228003.9544623347,1228006.114678109,1227991.0694079064,1228013.6439462628
"Vac[90,95)","[90,95)",Vac_1d,2024,1,Q_All_d,1227242.4549082343,1227230.421833964,1226727.3397203456,1227628.1503179097
"Vac[90,95)","[90,95)",Vac_1d,2024,1,C_Hosp,2312533.090275802,2406002.4243652048,1315039.5387544527,3090620.965769449
"Vac[90,95)","[90,95)",Vac_1d,2024,1,C_GP_NonPHN,404775.77823430963,393544.85675157583,275848.8987424387,557680.4053824388
"Vac[90,95)","[90,95)",Vac_1d,2024,1,C_GP_PHN,174116.68540237326,182916.0912599321,101605.79063043956,259197.96936368285
"Vac[90,95)","[90,95)",Vac_1d,2024,1,C_GP,578892.4636366828,579861.1898100644,377887.88346895436,770889.5406718641
"Vac[90,95)","[90,95)",Vac_1d,2024,1,C_Med,2891425.553912485,2994958.941170294,1692927.422223407,3858912.4327158397
"Vac[90,95)","[90,95)",Vac_1d,2024,1,C_VacZVL,0,0,0,0
"Vac[90,95)","[90,95)",Vac_1d,2024,1,C_VacRZV,35456730,35456730,35456730,35456730
"Vac[90,95)","[90,95)",Vac_1d,2024,1,C_Vac,35456730,35456730,35456730,35456730
"Vac[90,95)","[90,95)",Vac_1d,2024,1,C_All,38348155.55391248,38451688.94117029,37149657.422223404,39315642.43271583
"Vac[90,95)","[90,95)",Vac_1d,2024,1,C_Hosp_d,2091676.8131155707,2152357.981058376,1163514.0390410603,2828633.394752467
"Vac[90,95)","[90,95)",Vac_1d,2024,1,C_GP_NonPHN_d,366196.6355879562,354314.7177679598,245977.0086988675,511252.5630722795
"Vac[90,95)","[90,95)",Vac_1d,2024,1,C_GP_PHN_d,157571.8754033354,167161.50713595276,91267.12222110241,234122.79679349298
"Vac[90,95)","[90,95)",Vac_1d,2024,1,C_GP_d,523768.5109912916,521929.19539152493,337552.25173251197,706418.3637513876
"Vac[90,95)","[90,95)",Vac_1d,2024,1,C_Med_d,2615445.3241068623,2686008.7007643925,1501066.290773572,3528280.1450700415
"Vac[90,95)","[90,95)",Vac_1d,2024,1,C_VacZVL_d,0,0,0,0
"Vac[90,95)","[90,95)",Vac_1d,2024,1,C_VacRZV_d,35456730,35456730,35456730,35456730
"Vac[90,95)","[90,95)",Vac_1d,2024,1,C_Vac_d,35456730,35456730,35456730,35456730
"Vac[90,95)","[90,95)",Vac_1d,2024,1,C_All_d,38072175.324106865,38142738.70076439,36957796.29077357,38985010.145070046
"Vac[90,95)","[90,95)",Vac_1d,2024,1,N_VacZVL,0,0,0,0
"Vac[90,95)","[90,95)",Vac_1d,2024,1,N_VacRZV,417138,417138,417138,417138
"Vac[90,95)","[90,95)",Vac_1d,2024,1,N_VacZVL_d,0,0,0,0
"Vac[90,95)","[90,95)",Vac_1d,2024,1,N_VacRZV_d,417138,417138,417138,417138
"Vac[90,95)","[90,95)",Vac_2d,2024,1,Year_Life,4.34024372449012,4.340250415219581,4.340202234264437,4.3402741595107495
"Vac[90,95)","[90,95)",Vac_2d,2024,1,Year_Immunised,3.4113222760399613,3.4236119460062198,3.0684351019677965,3.734557352810793
"Vac[90,95)","[90,95)",Vac_2d,2024,1,Risk_HZ,0.00813550518181627,0.008067694665882811,0.005229014077084653,0.011206846628414709
"Vac[90,95)","[90,95)",Vac_2d,2024,1,Risk_Hosp,8.468095406475894e-4,8.812782651597907e-4,4.760269086251538e-4,0.0011433928655675124
"Vac[90,95)","[90,95)",Vac_2d,2024,1,Risk_PHN,7.026472315897026e-4,7.375203812871793e-4,3.808425448435838e-4,0.001090510031958329
"Vac[90,95)","[90,95)",Vac_2d,2024,1,Risk_Death,5.058020501652854e-8,4.4163471987566524e-8,2.2713011981476293e-8,8.983273183520576e-8
"Vac[90,95)","[90,95)",Vac_2d,2024,1,Q_Life,1339088.7111809815,1339090.5312520915,1339077.7919327305,1339096.7262381606
"Vac[90,95)","[90,95)",Vac_2d,2024,1,Q_HZ,-565.1463461013436,-577.2545932399215,-953.3706104047283,-275.0564189708465
"Vac[90,95)","[90,95)",Vac_2d,2024,1,Q_HZ_Norm,-149.4813490112913,-139.87969801610564,-362.0132264759542,-26.93878122508254
"Vac[90,95)","[90,95)",Vac_2d,2024,1,Q_All,1305701.3361846418,1305688.9695823402,1305306.537955884,1305996.4809860073
"Vac[90,95)","[90,95)",Vac_2d,2024,1,Q_HZ_d,-508.58199631935514,-518.8179918203045,-870.0861264688889,-245.073861438074
"Vac[90,95)","[90,95)",Vac_2d,2024,1,Q_HZ_Norm_d,-135.37809338574246,-125.3538120449016,-332.1153511388348,-24.026447795409645
"Vac[90,95)","[90,95)",Vac_2d,2024,1,Q_Life_d,1228011.728373898,1228013.2995072168,1228002.5312153192,1228018.4952875148
"Vac[90,95)","[90,95)",Vac_2d,2024,1,Q_All_d,1227503.1463775786,1227492.6449830858,1227135.6693730603,1227771.3476654121
"Vac[90,95)","[90,95)",Vac_2d,2024,1,C_Hosp,1550037.3036707218,1615888.389598424,849048.6356602963,2122577.3706893977
"Vac[90,95)","[90,95)",Vac_2d,2024,1,C_GP_NonPHN,271122.7256158057,263046.7518483987,176691.55036446598,386103.3759204692
"Vac[90,95)","[90,95)",Vac_2d,2024,1,C_GP_PHN,116766.86365671101,123885.45343816091,64951.99840849734,178801.77155995124
"Vac[90,95)","[90,95)",Vac_2d,2024,1,C_GP,387889.5892725167,387786.0352641832,241655.23764444774,533859.8994042093
"Vac[90,95)","[90,95)",Vac_2d,2024,1,C_Med,1937926.8929432386,2008667.2199925683,1090703.8733047443,2653105.520840207
"Vac[90,95)","[90,95)",Vac_2d,2024,1,C_VacZVL,0,0,0,0
"Vac[90,95)","[90,95)",Vac_2d,2024,1,C_VacRZV,70913460,70913460,70913460,70913460
"Vac[90,95)","[90,95)",Vac_2d,2024,1,C_Vac,70913460,70913460,70913460,70913460
"Vac[90,95)","[90,95)",Vac_2d,2024,1,C_All,72851386.89294323,72922127.21999258,72004163.87330475,73566565.52084021
"Vac[90,95)","[90,95)",Vac_2d,2024,1,C_Hosp_d,1395648.8995101266,1443366.5953325229,746491.5572638297,1935817.4153799692
"Vac[90,95)","[90,95)",Vac_2d,2024,1,C_GP_NonPHN_d,244154.50315537638,235335.2446616424,156612.76236253313,353131.4191619002
"Vac[90,95)","[90,95)",Vac_2d,2024,1,C_GP_PHN_d,105169.31887110783,111508.00989561148,57978.62214184666,160662.89975853503
"Vac[90,95)","[90,95)",Vac_2d,2024,1,C_GP_d,349323.82202648424,346843.2545572539,214591.38450437976,488013.71169769904
"Vac[90,95)","[90,95)",Vac_2d,2024,1,C_Med_d,1744972.7215366107,1790209.849889777,961082.94176820945,2416970.387671728
"Vac[90,95)","[90,95)",Vac_2d,2024,1,C_VacZVL_d,0,0,0,0
"Vac[90,95)","[90,95)",Vac_2d,2024,1,C_VacRZV_d,70913460,70913460,70913460,70913460
"Vac[90,95)","[90,95)",Vac_2d,2024,1,C_Vac_d,70913460,70913460,70913460,70913460
"Vac[90,95)","[90,95)",Vac_2d,2024,1,C_All_d,72658432.7215366,72703669.84988979,71874542.9417682,73330430.38767174
"Vac[90,95)","[90,95)",Vac_2d,2024,1,N_VacZVL,0,0,0,0
"Vac[90,95)","[90,95)",Vac_2d,2024,1,N_VacRZV,834276,834276,834276,834276
"Vac[90,95)","[90,95)",Vac_2d,2024,1,N_VacZVL_d,0,0,0,0
"Vac[90,95)","[90,95)",Vac_2d,2024,1,N_VacRZV_d,834276,834276,834276,834276
"Vac[95,100)","[95,100)",SOC,2024,1,Year_Life,2.7562830757713286,2.75628661548229,2.7562576210005654,2.756292955605586
"Vac[95,100)","[95,100)",SOC,2024,1,Year_Immunised,0,0,0,0
"Vac[95,100)","[95,100)",SOC,2024,1,Risk_HZ,0.02330807022387565,0.023128090948997017,0.02295398449559609,0.024237960442066366
"Vac[95,100)","[95,100)",SOC,2024,1,Risk_Hosp,0.00240840411463798,0.0023639600848318664,0.0022190230216018025,0.002781892945071613
"Vac[95,100)","[95,100)",SOC,2024,1,Risk_PHN,0.001955487306767688,0.0018804359190390352,0.0014632229223391301,0.0027589229136773196
"Vac[95,100)","[95,100)",SOC,2024,1,Risk_Death,5.293765422780295e-7,5.175672965292102e-7,4.820320466864987e-7,6.290839342880092e-7
"Vac[95,100)","[95,100)",SOC,2024,1,Q_Life,220432.31350381806,220432.52844499607,220430.76781904395,220432.91343463113
"Vac[95,100)","[95,100)",SOC,2024,1,Q_HZ,-400.9985656264326,-414.9380985133728,-543.0560304682962,-241.57409411866524
"Vac[95,100)","[95,100)",SOC,2024,1,Q_HZ_Norm,-95.42747732181036,-89.70592816489149,-181.5111438558853,-21.40918920365331
"Vac[95,100)","[95,100)",SOC,2024,1,Q_All,193278.3425395199,193264.7088829561,193136.39877527297,193437.5414524359
"Vac[95,100)","[95,100)",SOC,2024,1,Q_HZ_d,-386.4502986253575,-399.8072577487635,-523.5387981110441,-232.78481967246896
"Vac[95,100)","[95,100)",SOC,2024,1,Q_HZ_Norm_d,-92.0290344095715,-86.49413327279419,-175.13441877845662,-20.658907096820457
"Vac[95,100)","[95,100)",SOC,2024,1,Q_Life_d,210352.68550257554,210352.87985904366,210351.28784661376,210353.2279784942
"Vac[95,100)","[95,100)",SOC,2024,1,Q_All_d,209966.2352039502,209953.2793600798,209829.29580712743,210119.6048935496
"Vac[95,100)","[95,100)",SOC,2024,1,C_Hosp,1073269.5278050718,1060133.76195548,972034.496198192,1250450.1059395792
"Vac[95,100)","[95,100)",SOC,2024,1,C_GP_NonPHN,190650.52319345076,192182.18809129615,180768.42725096107,199047.45149363234
"Vac[95,100)","[95,100)",SOC,2024,1,C_GP_PHN,80178.25271798018,77346.36950005997,57745.96386510242,112015.24513613468
"Vac[95,100)","[95,100)",SOC,2024,1,C_GP,270828.77591143094,271682.6091857579,250764.1057820146,292844.623485372
"Vac[95,100)","[95,100)",SOC,2024,1,C_Med,1344098.3037165029,1324809.6453568474,1234879.8051256808,1529355.4878582503
"Vac[95,100)","[95,100)",SOC,2024,1,C_VacZVL,0,0,0,0
"Vac[95,100)","[95,100)",SOC,2024,1,C_VacRZV,0,0,0,0
"Vac[95,100)","[95,100)",SOC,2024,1,C_Vac,0,0,0,0
"Vac[95,100)","[95,100)",SOC,2024,1,C_All,1344098.3037165029,1324809.6453568474,1234879.8051256808,1529355.4878582503
"Vac[95,100)","[95,100)",SOC,2024,1,C_Hosp_d,1035442.7004438324,1020266.9444008742,939257.2489195331,1205718.4700811105
"Vac[95,100)","[95,100)",SOC,2024,1,C_GP_NonPHN_d,183830.74662063332,185446.21266423303,174351.03851688444,191986.37948973782
"Vac[95,100)","[95,100)",SOC,2024,1,C_GP_PHN_d,77344.14610683816,74620.92132261812,55741.92791639235,107801.22189754793
"Vac[95,100)","[95,100)",SOC,2024,1,C_GP_d,261174.89272747145,262011.8336693063,241962.40160336538,282237.6781988833
"Vac[95,100)","[95,100)",SOC,2024,1,C_Med_d,1296617.5931713039,1278546.4042665171,1192235.173397632,1474691.1870255643
"Vac[95,100)","[95,100)",SOC,2024,1,C_VacZVL_d,0,0,0,0
"Vac[95,100)","[95,100)",SOC,2024,1,C_VacRZV_d,0,0,0,0
"Vac[95,100)","[95,100)",SOC,2024,1,C_Vac_d,0,0,0,0
"Vac[95,100)","[95,100)",SOC,2024,1,C_All_d,1296617.5931713039,1278546.4042665171,1192235.173397632,1474691.1870255643
"Vac[95,100)","[95,100)",SOC,2024,1,N_VacZVL,0,0,0,0
"Vac[95,100)","[95,100)",SOC,2024,1,N_VacRZV,0,0,0,0
"Vac[95,100)","[95,100)",SOC,2024,1,N_VacZVL_d,0,0,0,0
"Vac[95,100)","[95,100)",SOC,2024,1,N_VacRZV_d,0,0,0,0
"Vac[95,100)","[95,100)",Vac_1d,2024,1,Year_Life,2.756380051586383,2.756383470901176,2.7563590446475383,2.756396583481627
"Vac[95,100)","[95,100)",Vac_1d,2024,1,Year_Immunised,2.0341669181953184,2.0767829587281863,1.675386618196626,2.3412237797465547
"Vac[95,100)","[95,100)",Vac_1d,2024,1,Risk_HZ,0.006109081130147891,0.005830973890093244,0.0034552099517069774,0.009263189712308469
"Vac[95,100)","[95,100)",Vac_1d,2024,1,Risk_Hosp,6.328068925195799e-4,6.439291057570377e-4,3.4716114173306297e-4,9.775595176821292e-4
"Vac[95,100)","[95,100)",Vac_1d,2024,1,Risk_PHN,5.233048977104406e-4,5.239442719226341e-4,2.3802878564228608e-4,9.385019323374247e-4
"Vac[95,100)","[95,100)",Vac_1d,2024,1,Risk_Death,4.142561425384051e-8,3.249032619264989e-8,1.2925681404343503e-8,8.83303556297504e-8
"Vac[95,100)","[95,100)",Vac_1d,2024,1,Q_Life,220438.22041859216,220438.421662206,220436.94353103175,220439.22936985805
"Vac[95,100)","[95,100)",Vac_1d,2024,1,Q_HZ,-103.31352977672219,-98.31747758697499,-192.30101091218728,-48.2201039607348
"Vac[95,100)","[95,100)",Vac_1d,2024,1,Q_HZ_Norm,-25.880959839311306,-23.2598506670544,-67.4312985683554,-4.086340482869847
"Vac[95,100)","[95,100)",Vac_1d,2024,1,Q_All,193580.12683576767,193584.8135329304,193490.49850935276,193635.62320638174
"Vac[95,100)","[95,100)",Vac_1d,2024,1,Q_HZ_d,-99.11801399702458,-94.20043776325437,-185.0252194380431,-46.215892131455306
"Vac[95,100)","[95,100)",Vac_1d,2024,1,Q_HZ_Norm_d,-24.857135702393645,-22.34801359550932,-64.95108287991573,-3.913964449861388
"Vac[95,100)","[95,100)",Vac_1d,2024,1,Q_Life_d,210358.0302746629,210358.2106956314,210356.87527161554,210358.94377274739
"Vac[95,100)","[95,100)",Vac_1d,2024,1,Q_All_d,210258.91226066585,210263.30175713837,210172.17901351128,210312.3529950317
"Vac[95,100)","[95,100)",Vac_1d,2024,1,C_Hosp,272905.3877008961,280985.4095669454,144164.14368732687,414069.80452428927
"Vac[95,100)","[95,100)",Vac_1d,2024,1,C_GP_NonPHN,48442.832562860676,46508.21793167092,27106.983365177817,75987.57500448916
"Vac[95,100)","[95,100)",Vac_1d,2024,1,C_GP_PHN,20842.423533319325,21003.904635344472,9493.738149857681,37164.218345529596
"Vac[95,100)","[95,100)",Vac_1d,2024,1,C_GP,69285.25609618,65861.79345200246,36600.7215150355,105415.66020038087
"Vac[95,100)","[95,100)",Vac_1d,2024,1,C_Med,342190.64379707613,349478.38003879716,180764.86520236236,517881.6901178869
"Vac[95,100)","[95,100)",Vac_1d,2024,1,C_VacZVL,0,0,0,0
"Vac[95,100)","[95,100)",Vac_1d,2024,1,C_VacRZV,9270440,9270440,9270440,9270440
"Vac[95,100)","[95,100)",Vac_1d,2024,1,C_Vac,9270440,9270440,9270440,9270440
"Vac[95,100)","[95,100)",Vac_1d,2024,1,C_All,9612630.643797075,9619918.380038798,9451204.865202362,9788321.690117888
"Vac[95,100)","[95,100)",Vac_1d,2024,1,C_Hosp_d,262115.69892330162,270080.6660543832,137294.6089734397,398294.5062183138
"Vac[95,100)","[95,100)",Vac_1d,2024,1,C_GP_NonPHN_d,46498.97217800703,44710.23290620871,25832.890957437317,73175.84675675066
"Vac[95,100)","[95,100)",Vac_1d,2024,1,C_GP_PHN_d,20008.92295387831,20141.31000929718,9071.394472509395,35674.57157731622
"Vac[95,100)","[95,100)",Vac_1d,2024,1,C_GP_d,66507.89513188534,63148.74313040971,34904.285429946714,101473.86058248213
"Vac[95,100)","[95,100)",Vac_1d,2024,1,C_Med_d,328623.59405518696,335275.8651935707,172198.89440338642,498326.02002875495
"Vac[95,100)","[95,100)",Vac_1d,2024,1,C_VacZVL_d,0,0,0,0
"Vac[95,100)","[95,100)",Vac_1d,2024,1,C_VacRZV_d,9270440,9270440,9270440,9270440
"Vac[95,100)","[95,100)",Vac_1d,2024,1,C_Vac_d,9270440,9270440,9270440,9270440
"Vac[95,100)","[95,100)",Vac_1d,2024,1,C_All_d,9599063.594055187,9605715.865193572,9442638.894403387,9768766.020028755
"Vac[95,100)","[95,100)",Vac_1d,2024,1,N_VacZVL,0,0,0,0
"Vac[95,100)","[95,100)",Vac_1d,2024,1,N_VacRZV,109064,109064,109064,109064
"Vac[95,100)","[95,100)",Vac_1d,2024,1,N_VacZVL_d,0,0,0,0
"Vac[95,100)","[95,100)",Vac_1d,2024,1,N_VacRZV_d,109064,109064,109064,109064
"Vac[95,100)","[95,100)",Vac_2d,2024,1,Year_Life,2.756391723184381,2.7563943511993196,2.7563766565957994,2.7564030065850265
"Vac[95,100)","[95,100)",Vac_2d,2024,1,Year_Immunised,2.289276194478647,2.324292278490799,2.020346406573315,2.5025985491940665
"Vac[95,100)","[95,100)",Vac_2d,2024,1,Risk_HZ,0.003951024697897033,0.0037016540379574796,0.0021117041961409124,0.006307550528844246
"Vac[95,100)","[95,100)",Vac_2d,2024,1,Risk_Hosp,4.0938507020683753e-4,4.108476659202808e-4,2.1225636470966684e-4,6.665752038040376e-4
"Vac[95,100)","[95,100)",Vac_2d,2024,1,Risk_PHN,3.3899044840330673e-4,3.3240368744401366e-4,1.4480628360979988e-4,6.227210565806503e-4
"Vac[95,100)","[95,100)",Vac_2d,2024,1,Risk_Death,1.7842811445177484e-8,1.3348177818044418e-8,4.895410164812501e-9,4.102062383334993e-8
"Vac[95,100)","[95,100)",Vac_2d,2024,1,Q_Life,220438.9240979447,220439.07899789355,220438.00536655216,220439.61162364838
"Vac[95,100)","[95,100)",Vac_2d,2024,1,Q_HZ,-66.64190756007424,-63.9186411102559,-130.1304337787562,-29.562801248406977
"Vac[95,100)","[95,100)",Vac_2d,2024,1,Q_HZ_Norm,-16.82207214075134,-15.160994268723929,-45.65605635139517,-2.4763417161952948
"Vac[95,100)","[95,100)",Vac_2d,2024,1,Q_All,193617.2762583978,193619.6429904306,193553.250473045,193654.64024241397
"Vac[95,100)","[95,100)",Vac_2d,2024,1,Q_HZ_d,-63.90174671129117,-61.35108895809593,-125.19336629806612,-28.319636396206167
"Vac[95,100)","[95,100)",Vac_2d,2024,1,Q_HZ_Norm_d,-16.148797825191604,-14.560379397210244,-43.962120832306866,-2.370480010683297
"Vac[95,100)","[95,100)",Vac_2d,2024,1,Q_Life_d,210358.66553463953,210358.80449900732,210357.83409771122,210359.28779777928
"Vac[95,100)","[95,100)",Vac_2d,2024,1,Q_All_d,210294.76378792824,210296.84320014092,210232.7781850662,210330.72769516398
"Vac[95,100)","[95,100)",Vac_2d,2024,1,C_Hosp,175579.06390178908,178841.99616585643,87215.23341244149,280556.2776093234
"Vac[95,100)","[95,100)",Vac_2d,2024,1,C_GP_NonPHN,31178.242051783123,29283.735006926,16420.518345071403,51624.82736009678
"Vac[95,100)","[95,100)",Vac_2d,2024,1,C_GP_PHN,13438.8172434927,13241.14541166832,5749.612615940284,24550.418687766567
"Vac[95,100)","[95,100)",Vac_2d,2024,1,C_GP,44617.05929527582,41537.88005845543,22170.130961011688,71548.72533704292
"Vac[95,100)","[95,100)",Vac_2d,2024,1,C_Med,220196.1231970649,220379.87622431185,109385.36437345318,351795.5783058675
"Vac[95,100)","[95,100)",Vac_2d,2024,1,C_VacZVL,0,0,0,0
"Vac[95,100)","[95,100)",Vac_2d,2024,1,C_VacRZV,18540880,18540880,18540880,18540880
"Vac[95,100)","[95,100)",Vac_2d,2024,1,C_Vac,18540880,18540880,18540880,18540880
"Vac[95,100)","[95,100)",Vac_2d,2024,1,C_All,18761076.123197064,18761259.87622431,18650265.364373453,18892675.578305867
"Vac[95,100)","[95,100)",Vac_2d,2024,1,C_Hosp_d,168546.43593387364,171447.8912291053,82973.31111481853,269770.3683284025
"Vac[95,100)","[95,100)",Vac_2d,2024,1,C_GP_NonPHN_d,29911.266801259106,28138.77016635063,15630.885864552809,49696.673855432775
"Vac[95,100)","[95,100)",Vac_2d,2024,1,C_GP_PHN_d,12893.722130981947,12686.389761924347,5487.264788822094,23553.572715509697
"Vac[95,100)","[95,100)",Vac_2d,2024,1,C_GP_d,42804.98893224105,39793.04374840531,21118.1506533749,68848.01667088736
"Vac[95,100)","[95,100)",Vac_2d,2024,1,C_Med_d,211351.42486611468,211240.9349775106,104091.46176819342,338373.42128216726
"Vac[95,100)","[95,100)",Vac_2d,2024,1,C_VacZVL_d,0,0,0,0
"Vac[95,100)","[95,100)",Vac_2d,2024,1,C_VacRZV_d,18540880,18540880,18540880,18540880
"Vac[95,100)","[95,100)",Vac_2d,2024,1,C_Vac_d,18540880,18540880,18540880,18540880
"Vac[95,100)","[95,100)",Vac_2d,2024,1,C_All_d,18752231.424866114,18752120.93497751,18644971.46176819,18879253.42128217
"Vac[95,100)","[95,100)",Vac_2d,2024,1,N_VacZVL,0,0,0,0
"Vac[95,100)","[95,100)",Vac_2d,2024,1,N_VacRZV,218128,218128,218128,218128
"Vac[95,100)","[95,100)",Vac_2d,2024,1,N_VacZVL_d,0,0,0,0
"Vac[95,100)","[95,100)",Vac_2d,2024,1,N_VacRZV_d,218128,218128,218128,218128
