Scenario,Age0,Age1,Arm,Year0,ICER_A,ICER25_A,ICER50_A,ICER75_A,ICER100_A,ICER_Thres_A,ICER_M,ICER25_M,ICER50_M,ICER75_M,ICER100_M,ICER_Thres_M,ICER_L,ICER25_L,ICER50_L,ICER75_L,ICER100_L,ICER_Thres_L,ICER_U,ICER25_U,ICER50_U,ICER75_U,ICER100_U,ICER_Thres_U
"Second_[80,85)",70,"[80,85)",ReVac_RZV1,2024,10259.05130019665,1097.8493380362663,4915.016822269759,8732.184306503252,12549.351790736746,20000,10152.647703930039,1064.7373498471932,4847.540756021643,8639.756631738635,12430.969704983163,20000,8124.836374669882,453.4554324925617,3674.8537381564774,6848.507659260261,10020.478059649522,19999.999999999996,13105.380145583245,1932.2073454043184,6524.773071286329,11218.827041286824,15932.178482138284,20000.000000000004
"Second_[80,85)",70,"[80,85)",ReVac_RZV2,2024,23237.420746590524,4915.016822269759,12549.351790736746,20183.68675920373,27818.021727670715,20000,23076.7493021739,4847.540756021643,12430.969704983163,20027.298560834774,27606.803644270345,20000,18814.477563190183,3674.8537381564774,10020.478059649522,16308.412186782612,22614.421862428862,19999.999999999996,28991.671870307895,6524.773071286329,15932.178482138284,25203.979297173828,34684.08902926957,20000.000000000004
"Second_[80,85)",71,"[80,85)",ReVac_RZV1,2024,10596.833979154659,1193.533337623293,5111.575271594696,9029.617205566097,12947.6591395375,20000,10493.472808060975,1156.6459590238749,5041.746171990725,8945.806920923977,12831.023683869182,20000,8347.427310439161,510.11096304637374,3829.2602314882265,7041.897558535104,10293.870902193561,19999.999999999996,13546.654702766153,2055.9755222480453,6795.515005036008,11645.955820008301,16398.956382728793,20000.000000000004
"Second_[80,85)",71,"[80,85)",ReVac_RZV2,2024,23918.176554657424,5111.575271594696,12947.6591395375,20783.743007480305,28619.826875423107,20000,23744.835135674475,5041.746171990725,12831.023683869182,20622.058367738053,28407.823715231127,20000,19304.292266169145,3829.2602314882265,10293.870902193561,16713.970555583423,23163.62636272962,19999.999999999996,29825.495505226227,6795.515005036008,16398.956382728793,25937.458251055115,35665.97245833878,20000.000000000004
"Second_[80,85)",72,"[80,85)",ReVac_RZV1,2024,10989.685921335235,1304.861955928319,5340.205274847867,9375.548593767415,13410.891912686964,20000,10881.052950432502,1268.3574396458835,5261.056033634491,9287.857324969835,13283.262860196282,20000,8631.969362941456,595.421746632705,4005.495373249878,7299.243153262817,10620.51213190775,19999.999999999996,14073.158598435843,2208.953509565209,7123.056789237973,12071.65534484178,17074.18949550791,20000.000000000004
"Second_[80,85)",72,"[80,85)",ReVac_RZV2,2024,24709.8532056617,5340.205274847867,13410.891912686964,21481.57855052606,29552.265188365156,20000,24519.630664515116,5261.056033634491,13283.262860196282,21304.82512396761,29319.917347329145,20000,19844.289477071416,4005.495373249878,10620.51213190775,17217.800073090053,23794.446493426065,19999.999999999996,30873.43994669184,7123.056789237973,17074.18949550791,26919.61442491174,36845.37034775023,20000.000000000004
"Second_[80,85)",73,"[80,85)",ReVac_RZV1,2024,11449.096892861462,1435.115710013514,5607.607869533492,9780.10002905347,13952.592188573448,20000,11339.282621172435,1395.4386750198842,5531.665531998943,9694.878224873108,13815.365011842183,20000,8958.157636381779,678.6729953424643,4200.123794437742,7605.903937473142,11019.30219086322,19999.999999999996,14687.313887543396,2382.100049266448,7469.301542829563,12636.279115062081,17763.591508781476,20000.000000000004
"Second_[80,85)",73,"[80,85)",ReVac_RZV2,2024,25635.57023522939,5607.607869533492,13952.592188573448,22297.576507613405,30642.56082665336,20000,25398.67140352413,5531.665531998943,13815.365011842183,22104.460949252294,30362.607415638413,20000,20524.5185308212,4200.123794437742,11019.30219086322,17803.46467893287,24595.789353321332,19999.999999999996,32194.57612678729,7469.301542829563,17763.591508781476,28082.889570951702,38360.631735571995,20000.000000000004
"Second_[80,85)",74,"[80,85)",ReVac_RZV1,2024,11989.763114479741,1588.4941800734664,5922.356236076081,10256.218292078696,14590.08034808131,20000,11873.495348157898,1545.4850434152327,5839.73226927527,10152.308947134588,14437.130432592287,20000,9375.151293453484,820.6582240239835,4431.780653515,7959.512138569775,11501.477738034419,19999.999999999996,15388.88388969495,2573.8828172781864,7864.628800518706,13234.742521157534,18565.332469648336,20000.000000000004
"Second_[80,85)",74,"[80,85)",ReVac_RZV2,2024,26724.89410488863,5922.356236076081,14590.08034808131,23257.80446008654,31925.528572091767,20000,26450.265328091416,5839.73226927527,14437.130432592287,23020.561535719695,31596.860586309318,20000,21341.973822099026,4431.780653515,11501.477738034419,18523.903361919965,25549.395194847035,19999.999999999996,33579.09204087482,7864.628800518706,18565.332469648336,29285.84721473808,39990.27832762508,20000.000000000004
"Second_[80,85)",75,"[80,85)",ReVac_RZV1,2024,12630.815541156551,1770.46788570357,6295.6127421423125,10820.757598581054,15345.902455019797,20000,12504.560958664479,1726.141767380137,6201.423476427835,10707.111764851947,15186.89019950539,20000,9881.272278262792,964.0727848754848,4730.480460795165,8401.044860662761,12079.532900508255,19999.999999999996,16153.320627406309,2799.7195152075155,8339.039575007204,13902.859998378057,19510.623259545482,20000.000000000004
"Second_[80,85)",75,"[80,85)",ReVac_RZV2,2024,28016.308053048273,6295.6127421423125,15345.902455019797,24396.19216789728,33446.481880774765,20000,27758.92502316916,6201.423476427835,15186.89019950539,24170.42467508924,33126.04095864475,20000,22328.923589927188,4730.480460795165,12079.532900508255,19400.325669969377,26721.820469863895,19999.999999999996,35224.675207320746,8339.039575007204,19510.623259545482,30715.6860668939,41936.45401344071,20000.000000000004
"Second_[80,85)",76,"[80,85)",ReVac_RZV1,2024,13397.688134607934,1988.3127544392744,6742.219162842882,11496.12557124649,16250.031979650097,20000,13241.729336824232,1942.7472972162295,6636.960305446579,11348.622426693177,16060.75381210461,20000,10475.610598589557,1141.5686016541451,5084.203938241488,8930.093883325362,12781.6707609358,19999.999999999996,17055.911930148475,3065.0921841842055,8868.521106911228,14689.687221273552,20603.07930195056,20000.000000000004
"Second_[80,85)",76,"[80,85)",ReVac_RZV2,2024,29560.9699231802,6742.219162842882,16250.031979650097,25757.844796457313,35265.65761326453,20000,29270.860120133457,6636.960305446579,16060.75381210461,25503.936691552623,34906.27523917797,20000,23527.994770208945,5084.203938241488,12781.6707609358,20458.196428351166,28095.041160083038,19999.999999999996,37106.99586339269,8868.521106911228,20603.07930195056,32410.79662264755,44151.264173275864,20000.000000000004
"Second_[80,85)",77,"[80,85)",ReVac_RZV1,2024,14325.07840121765,2251.9557637043526,7282.423529334893,12312.891294965435,17343.359060595976,20000,14146.706045724955,2199.3807317786614,7178.0103192566785,12156.295108537011,17115.08512411501,20000,11205.265551686718,1360.081743819804,5513.921208505747,9574.895403282988,13639.774657847262,19999.999999999996,18235.50079977796,3413.7031263802555,9556.75578047921,15740.18295342825,21979.28294681276,20000.000000000004
"Second_[80,85)",77,"[80,85)",ReVac_RZV2,2024,31428.66880436149,7282.423529334893,17343.359060595976,27404.29459185706,37465.23012311814,20000,31069.75559524676,7178.0103192566785,17115.08512411501,27075.833329716566,37039.49269732021,20000,25006.902056032304,5513.921208505747,13639.774657847262,21758.118985055637,29880.07666249731,19999.999999999996,39314.09426030314,9556.75578047921,21979.28294681276,34357.4336732645,46772.3954550503,20000.000000000004
"Second_[80,85)",78,"[80,85)",ReVac_RZV1,2024,15461.889014727305,2575.383156564742,7944.76059746581,13314.138038366878,18683.515479267946,20000,15252.764044457588,2515.781067157217,7832.058472684226,13136.564598227724,18417.092328258008,20000,12140.448009198924,1668.837901797542,6049.4462282949835,10395.00673103018,14757.84045769376,19999.999999999996,19583.918972820353,3822.8781159787854,10382.628350881821,16951.818132399632,23537.102811311397,20000.000000000004
"Second_[80,85)",78,"[80,85)",ReVac_RZV2,2024,33717.772313790934,7944.76059746581,18683.515479267946,29422.27036107008,40161.025242872216,20000,33317.73566220014,7832.058472684226,18417.092328258008,29061.113180157965,39673.18602585227,20000,26931.647408328212,6049.4462282949835,14757.84045769376,23453.416851004084,32148.993244314413,19999.999999999996,41992.77812443735,10382.628350881821,23537.102811311397,36719.62543780716,49900.74602945065,20000.000000000004
"Second_[80,85)",79,"[80,85)",ReVac_RZV1,2024,16880.143691958616,2979.1727458329938,8771.243973385337,14563.315200937679,20355.386428490023,20000,16648.326769701416,2917.891073428671,8656.628378281943,14370.452728969673,20082.622119105436,20000,13300.064965939204,1992.0671378413738,6722.73838724164,11410.214255833464,16151.464697166119,19999.999999999996,21443.01608557001,4319.876434482176,11450.686876848657,18561.520983989933,25705.12631204454,20000.000000000004
"Second_[80,85)",79,"[80,85)",ReVac_RZV2,2024,36573.18586563658,8771.243973385337,20355.386428490023,31939.528883594707,43523.671338699394,20000,36092.909001840926,8656.628378281943,20082.622119105436,31521.58497805801,42932.35248659519,20000,29375.429392462156,6722.73838724164,16151.464697166119,25605.618777022955,34974.96751421011,19999.999999999996,45669.64914453606,11450.686876848657,25705.12631204454,40013.07066023974,54154.51687098054,20000.000000000004
"Second_[85,90)",70,"[85,90)",ReVac_RZV1,2024,12804.851473755583,1555.1480627790252,6242.524484019257,10929.90090525949,15617.277326499721,20000,12689.308149939248,1525.5450713651667,6169.519128836024,10812.073126899348,15476.451510785893,20000,10474.477098537922,837.5110761248951,4891.748359189836,8886.504697188519,12824.535579111072,19999.999999999996,15996.938669333196,2483.1643293135467,8101.434373232296,13776.478007316115,19333.158891370604,20000.000000000004
"Second_[85,90)",70,"[85,90)",ReVac_RZV2,2024,28741.93130597237,6242.524484019257,15617.277326499721,24992.030168980185,34366.783011460655,20000,28505.274607601732,6169.519128836024,15476.451510785893,24780.75730048605,34085.84361848356,20000,23843.17124792031,4891.748359189836,12824.535579111072,20685.726726004385,28525.52815229346,19999.999999999996,35313.81219733181,8101.434373232296,19333.158891370604,30763.925269555122,42187.90782866024,20000.000000000004
"Second_[85,90)",71,"[85,90)",ReVac_RZV1,2024,13052.895134160906,1626.7374010129072,6387.63645649124,11148.535511969572,15909.434567447906,20000,12941.672378655981,1596.2743658162913,6311.6572217091225,11037.131572902603,15789.144510913975,20000,10629.851101084892,894.4426885332372,4972.429741661998,9025.062955705773,12999.895101863105,19999.999999999996,16373.897206279667,2588.5710556849153,8285.485822681849,14109.581056654135,19769.873198422447,20000.000000000004
"Second_[85,90)",71,"[85,90)",ReVac_RZV2,2024,29239.951922787237,6387.63645649124,15909.434567447906,25431.232678404573,34953.03078936123,20000,28996.05810673387,6311.6572217091225,15789.144510913975,25229.099448732268,34686.82278365738,20000,24131.804617886693,4972.429741661998,12999.895101863105,20940.44183832937,28883.945877974344,19999.999999999996,36047.29352545137,8285.485822681849,19769.873198422447,31405.649124347892,43051.20892154073,20000.000000000004
"Second_[85,90)",72,"[85,90)",ReVac_RZV1,2024,13336.910792727795,1708.7147700501876,6553.796446165857,11398.878122281527,16243.959798397194,20000,13234.87596824531,1679.2080742291541,6477.063368038298,11290.481436161675,16128.579526754696,20000,10778.344764433807,936.6551447416824,5076.553822308825,9157.45121291346,13199.8900854046,19999.999999999996,16790.306496192163,2695.130867713007,8514.59115952193,14477.16376245941,20260.020596791295,20000.000000000004
"Second_[85,90)",72,"[85,90)",ReVac_RZV2,2024,29810.18849152107,6553.796446165857,16243.959798397194,25934.123150628533,35624.286502859875,20000,29570.403962252938,6477.063368038298,16128.579526754696,25747.344926512855,35340.0946605987,20000,24492.52344849055,5076.553822308825,13199.8900854046,21274.506116545577,29315.674828261155,19999.999999999996,36868.23076825832,8514.59115952193,20260.020596791295,32123.6800319135,44043.78933584412,20000.000000000004
"Second_[85,90)",73,"[85,90)",ReVac_RZV1,2024,13663.273250465327,1802.924299549765,6744.736362431249,11686.548425312734,16628.36048819422,20000,13568.507284560234,1779.840597556003,6670.855913066878,11587.021150002518,16513.639021017956,20000,10954.888466798147,995.3238930611337,5204.980549917356,9335.73111331674,13432.136399837462,19999.999999999996,17252.564533478257,2818.6921843312907,8816.106464634127,14884.851630205123,20804.13388838796,20000.000000000004
"Second_[85,90)",73,"[85,90)",ReVac_RZV2,2024,30465.434264262374,6744.736362431249,16628.36048819422,26511.984613957186,36395.608739720155,20000,30194.07021559214,6670.855913066878,16513.639021017956,26287.45083564362,36086.832936409264,20000,24937.07096590393,5204.980549917356,13432.136399837462,21663.147333888326,29847.51461335095,19999.999999999996,37806.9578597928,8816.106464634127,20804.13388838796,32929.90562672436,45109.59784388543,20000.000000000004
"Second_[85,90)",74,"[85,90)",ReVac_RZV1,2024,14039.776768606569,1911.6217287577692,6965.019662028102,12018.417595298435,17071.815528568768,20000,13941.502320555552,1887.0507995717858,6889.49859518152,11925.351892349705,16945.404363234968,20000,11224.242024366364,1061.8691437902498,5322.518350630727,9577.574804548743,13726.869255313444,19999.999999999996,17767.585500543842,2962.588641913068,9125.029723522824,15339.075029224914,21410.247709447623,20000.000000000004
"Second_[85,90)",74,"[85,90)",ReVac_RZV2,2024,31221.3297417257,6965.019662028102,17071.815528568768,27178.611395109434,37285.4072616501,20000,30957.110687107088,6889.49859518152,16945.404363234968,26955.284139942007,36972.27166208449,20000,25421.986771126816,5322.518350630727,13726.869255313444,22082.575165625694,30456.402343012913,19999.999999999996,38838.472480279626,9125.029723522824,21410.247709447623,33841.63118528619,46325.68707205734,20000.000000000004
"Second_[85,90)",75,"[85,90)",ReVac_RZV1,2024,14476.041583299639,2037.592487328061,7220.279610649552,12402.966733971043,17585.653857292535,20000,14380.89709307565,2013.2554121790718,7148.033399457262,12321.474011895378,17456.589528935358,20000,11518.313194357757,1132.8032205730499,5500.5911808961455,9787.494105243883,14112.422619631425,19999.999999999996,18343.642482806965,3118.8201498178632,9456.690489267747,15847.22961713284,22087.452366652313,20000.000000000004
"Second_[85,90)",75,"[85,90)",ReVac_RZV2,2024,32097.17780259271,7220.279610649552,17585.653857292535,27951.028103935518,38316.4023505785,20000,31811.53363855127,7148.033399457262,17456.589528935358,27710.25614061841,37996.84034499491,20000,26003.063859367285,5500.5911808961455,14112.422619631425,22582.54202988319,31135.612336356957,19999.999999999996,40006.18871113958,9456.690489267747,22087.452366652313,34870.86288492142,47676.16468478572,20000.000000000004
"Second_[85,90)",76,"[85,90)",ReVac_RZV1,2024,14984.071430329506,2184.313634328633,7517.546049328997,12850.77846432936,18184.010879329722,20000,14875.031678352289,2153.33853308941,7443.277756005698,12767.177286900085,18036.497482299306,20000,11897.155845985217,1220.805977268028,5694.891692191042,10125.385661188393,14527.173266283571,19999.999999999996,18989.37878661707,3328.295704486402,9803.670429906082,16386.085611464274,22897.167020374804,20000.000000000004
"Second_[85,90)",76,"[85,90)",ReVac_RZV2,2024,33117.06164133074,7517.546049328997,18184.010879329722,28850.47570933045,39516.940539331175,20000,32838.00973530258,7443.277756005698,18036.497482299306,28609.359633762077,39188.29970289932,20000,26764.993135707624,5694.891692191042,14527.173266283571,23252.835074192397,32033.517421407756,19999.999999999996,41337.34641681482,9803.670429906082,22897.167020374804,36044.31250178445,49246.63640841715,20000.000000000004
"Second_[85,90)",77,"[85,90)",ReVac_RZV1,2024,15579.033952375312,2356.180495313892,7865.702769089484,13375.225042865075,18884.747316640667,20000,15458.351261722637,2322.8744651233146,7790.292716327813,13266.340771655181,18724.601445828637,20000,12311.412522453504,1342.1946343802153,5956.84348118632,10483.730213429344,15011.815496337204,19999.999999999996,19721.37132694581,3542.426173677989,10196.044489029413,17027.641563651236,23718.124207386314,20000.000000000004
"Second_[85,90)",77,"[85,90)",ReVac_RZV2,2024,34311.409683212325,7865.702769089484,18884.747316640667,29903.791864191848,40922.83641174303,20000,34037.129369990296,7790.292716327813,18724.601445828637,29672.523751438872,40594.73251744137,20000,27681.12183790931,5956.84348118632,15011.815496337204,24051.56690718359,33117.51699695397,19999.999999999996,42862.34465981798,10196.044489029413,23718.124207386314,37389.319072023805,51061.360457254974,20000.000000000004
"Second_[85,90)",78,"[85,90)",ReVac_RZV1,2024,16280.378666565712,2558.8312268001077,8276.142660035775,13993.454093271444,19710.765526507115,20000,16142.638094777296,2520.5627813703327,8189.643880808064,13869.94853960758,19543.603685699156,20000,12863.858244552413,1499.9716567660887,6298.357850977732,11014.517441931715,15677.212628464145,19999.999999999996,20512.642758989507,3767.6866802694003,10693.203797729328,17704.00484533847,24752.92314705232,20000.000000000004
"Second_[85,90)",78,"[85,90)",ReVac_RZV2,2024,35719.23753956699,8276.142660035775,19710.765526507115,31145.38839297845,42580.01125944979,20000,35427.63746966244,8189.643880808064,19543.603685699156,30896.951390419017,42218.406531276734,20000,28719.418403398176,6298.357850977732,15677.212628464145,25021.79164827319,34351.52960093636,19999.999999999996,44587.203441162994,10693.203797729328,24752.92314705232,38940.505845187276,53085.19151418776,20000.000000000004
"Second_[85,90)",79,"[85,90)",ReVac_RZV1,2024,17113.481422494002,2799.62401661428,8763.731269064165,14727.838521514048,20691.945773963933,20000,16960.331520661854,2751.6211969828355,8669.119633175294,14617.530269834604,20497.02205359559,20000,13532.707399398974,1713.664825037537,6689.028660932954,11598.27182125224,16453.166134853444,19999.999999999996,21595.132285906613,4080.1502663176616,11309.242026325277,18634.75223659959,25969.88596593504,20000.000000000004
"Second_[85,90)",79,"[85,90)",ReVac_RZV2,2024,37391.44608082361,8763.731269064165,20691.945773963933,32620.1602788637,44548.374783763466,20000,37094.414134306935,8669.119633175294,20497.02205359559,32356.204654004345,44182.481015729725,20000,30127.108447005674,6689.028660932954,16453.166134853444,26236.79098219136,35973.59817097304,19999.999999999996,46668.163959413345,11309.242026325277,25969.88596593504,40773.07818334912,55550.609937839414,20000.000000000004
"Second_[90,95)",70,"[90,95)",ReVac_RZV1,2024,19326.785653235762,3178.8147163204067,9907.135940035138,16635.45716374987,23363.7783874646,20000,19145.07111079518,3139.473158318958,9809.818861988193,16487.492765917843,23140.095047963736,20000,16131.61757455252,2280.849123320147,8107.893945442933,13843.957625498082,19584.395203513915,19999.999999999996,23664.374392051886,4349.69210069148,12407.444847073775,20462.69762643823,28488.23689894735,20000.000000000004
"Second_[90,95)",70,"[90,95)",ReVac_RZV2,2024,42203.07781386584,9907.135940035138,23363.7783874646,36820.42083489406,50277.06328232352,20000,41770.4580442902,9809.818861988193,23140.095047963736,36439.30463320863,49762.79330213198,20000,35558.25812587446,8107.893945442933,19584.395203513915,30972.19119580243,42464.06937700563,19999.999999999996,51015.96413429859,12407.444847073775,28488.23689894735,44575.15457934923,60729.79630872574,20000.000000000004
"Second_[90,95)",71,"[90,95)",ReVac_RZV1,2024,19540.96025344175,3241.4439419900596,10032.909071761598,16824.374201533134,23615.839331304673,20000,19338.478323082025,3200.4268330803484,9920.799157125908,16647.423693979224,23365.369765351505,20000,16253.935017019277,2325.6576473407963,8181.87907229532,13948.72806909845,19702.059828514884,19999.999999999996,24040.18812920983,4451.713574351657,12612.842356655223,20756.386878125668,28909.269326027457,20000.000000000004
"Second_[90,95)",71,"[90,95)",ReVac_RZV2,2024,42631.94169466498,10032.909071761598,23615.839331304673,37198.76959084775,50781.699850390825,20000,42175.26809154665,9920.799157125908,23365.369765351505,36770.44232195642,50264.60673829962,20000,35841.01957833657,8181.87907229532,19702.059828514884,31202.140205746735,42768.440975888625,19999.999999999996,51739.99956481684,12612.842356655223,28909.269326027457,45194.90270117203,61541.41902250497,20000.000000000004
"Second_[90,95)",72,"[90,95)",ReVac_RZV1,2024,19783.43611480622,3312.3487145077224,10175.301797965429,17038.254881423134,23901.207964880843,20000,19553.83932654948,3267.4677696926233,10056.942993224788,16841.55360767916,23621.137186361364,20000,16364.27654801967,2364.854082343508,8260.091040300538,14045.823899679588,19878.163391559163,19999.999999999996,24397.522156237777,4569.627708991851,12838.555828536915,21100.314295977165,29379.950739585158,20000.000000000004
"Second_[90,95)",72,"[90,95)",ReVac_RZV2,2024,43117.47659856242,10175.301797965429,23901.207964880843,37627.114131796254,51353.02029871167,20000,42658.373637594486,10056.942993224788,23621.137186361364,37199.44271454993,50799.481580129606,20000,36166.22669690912,8260.091040300538,19878.163391559163,31539.743941067736,43109.35534849176,19999.999999999996,52512.3659730366,12838.555828536915,29379.950739585158,45903.42328048681,62473.84412871906,20000.000000000004
"Second_[90,95)",73,"[90,95)",ReVac_RZV1,2024,20058.655643488608,3392.8283686534223,10336.923066501417,17281.01776434941,24225.112462197405,20000,19840.48919367713,3350.3863988841367,10218.800903213896,17079.301199763966,23958.193324324493,20000,16521.772140051544,2406.9092617892866,8349.537128129983,14158.11108811751,20045.78738301963,19999.999999999996,24820.200009036653,4699.270970611606,13087.186846715063,21487.184110573195,29848.634221460194,20000.000000000004
"Second_[90,95)",73,"[90,95)",ReVac_RZV2,2024,43668.57761617179,10336.923066501417,24225.112462197405,38113.30185789339,52001.491253589375,20000,43199.36237662885,10218.800903213896,23958.193324324493,37696.0937469725,51437.89085401347,20000,36472.854680490556,8349.537128129983,20045.78738301963,31843.644494094227,43507.61154857209,19999.999999999996,53375.27208259758,13087.186846715063,29848.634221460194,46684.34207799238,63469.3022839497,20000.000000000004
"Second_[90,95)",74,"[90,95)",ReVac_RZV1,2024,20371.906186659213,3484.4295137728664,10520.878127475511,17557.326741178156,24593.7753548808,20000,20153.447867808558,3440.3089219478966,10410.541082612137,17371.029317860455,24339.959234360213,20000,16732.206649371397,2459.282145513273,8456.13656787503,14411.094323535855,20225.07659640388,19999.999999999996,25304.163257793058,4841.779966560533,13361.515652366083,21899.518916035537,30399.633470355515,20000.000000000004
"Second_[90,95)",74,"[90,95)",ReVac_RZV2,2024,44295.8314732482,10520.878127475511,24593.7753548808,38666.67258228609,52739.56980969138,20000,43835.934110067756,10410.541082612137,24339.959234360213,38265.06596964664,52184.7603424967,20000,36928.107795614764,8456.13656787503,20225.07659640388,32176.403667521,44006.064041398036,19999.999999999996,54389.45244974207,13361.515652366083,30399.633470355515,47551.47170647358,64612.157152649335,20000.000000000004
"Second_[90,95)",75,"[90,95)",ReVac_RZV1,2024,20729.518276524796,3589.004093373551,10730.885003019903,17872.765912666255,25014.646822312607,20000,20512.556901445634,3536.7374602209607,10609.690912199902,17669.092230853057,24762.98924534861,20000,16966.924716918333,2526.421897809028,8575.742817568595,14576.425443311071,20512.34266726706,19999.999999999996,25834.549656685085,4995.649330408115,13675.816079503818,22359.551685238344,31036.001902123287,20000.000000000004
"Second_[90,95)",75,"[90,95)",ReVac_RZV2,2024,45011.91336932239,10730.885003019903,25014.646822312607,39298.40864160531,53582.170460898014,20000,44588.0652546668,10609.690912199902,24762.98924534861,38933.695906114735,53054.952337442446,20000,37320.6849590161,8575.742817568595,20512.34266726706,32505.169995365566,44518.95846828352,19999.999999999996,55405.92203413712,13675.816079503818,31036.001902123287,48406.51250943364,65906.45156184232,20000.000000000004
"Second_[90,95)",76,"[90,95)",ReVac_RZV1,2024,21139.12187411857,3708.784440834335,10971.425038036099,18234.065635237865,25496.70623243963,20000,20900.609667993875,3657.9656811832147,10854.721538353866,18032.203726707077,25239.142556357096,20000,17219.827602549896,2599.3580864182427,8720.567959196926,14794.190905581509,20840.776539496128,19999.999999999996,26417.17876885059,5173.107246332187,14027.949028867866,22877.39884314124,31724.155785724186,20000.000000000004
"Second_[90,95)",76,"[90,95)",ReVac_RZV2,2024,45832.09990460457,10971.425038036099,25496.70623243963,40021.98742684316,54547.26862124669,20000,45436.188570496044,10854.721538353866,25239.142556357096,39661.88246429873,54091.26248372418,20000,37813.18961252915,8720.567959196926,20840.776539496128,32931.30034264143,45081.214224260526,19999.999999999996,56567.84587501109,14027.949028867866,31724.155785724186,49456.77135775717,67271.95457844781,20000.000000000004
"Second_[90,95)",77,"[90,95)",ReVac_RZV1,2024,21609.98177184674,3846.4815323449407,11247.939965470689,18649.398398596437,26050.856831722187,20000,21362.49715989769,3796.0148857582494,11123.345654134831,18447.62984451082,25778.45656424755,20000,17415.42156750273,2685.5234208229167,8885.114897677477,14982.076251748098,21122.584012989122,19999.999999999996,27078.802730324292,5366.328193720496,14416.60575345492,23461.03216550447,32501.62480887264,20000.000000000004
"Second_[90,95)",77,"[90,95)",ReVac_RZV2,2024,46774.94044447428,11247.939965470689,26050.856831722187,40853.77369797368,55656.69056422518,20000,46352.25496213005,11123.345654134831,25778.45656424755,40499.460130557214,55132.119031831084,20000,38399.8312555274,8885.114897677477,21122.584012989122,33454.08502686872,45763.5816491642,19999.999999999996,57883.38852935747,14416.60575345492,32501.62480887264,50624.011986167185,68793.53059181098,20000.000000000004
"Second_[90,95)",78,"[90,95)",ReVac_RZV1,2024,22153.44282903315,4005.415425861862,11567.093510516564,19128.77159517127,26690.44967982597,20000,21903.74708714905,3950.1211748429187,11458.749884265908,18910.895916853256,26424.048221065437,20000,17795.783373996765,2809.004372693912,9069.990362790437,15281.008280577757,21551.31066531201,19999.999999999996,27827.655124267058,5576.155442642728,14856.350552212396,24121.568103680016,33386.78565514763,20000.000000000004
"Second_[90,95)",78,"[90,95)",ReVac_RZV2,2024,47863.148316859144,11567.093510516564,26690.44967982597,41813.80584913538,56937.16201844479,20000,47440.677829481414,11458.749884265908,26424.048221065437,41420.130380663315,56438.877985060084,20000,39130.87769502143,9069.990362790437,21551.31066531201,34094.25373284712,46605.23017855779,19999.999999999996,59330.39013236283,14856.350552212396,33386.78565514763,51917.22075808287,70493.31532356444,20000.000000000004
"Second_[90,95)",79,"[90,95)",ReVac_RZV1,2024,22783.530407325587,4189.69117846063,11937.124190487695,19684.55720251476,27431.990214541824,20000,22560.94322856622,4131.368585369948,11832.657291186868,19466.556079955422,27140.724337152635,20000,18240.214387812484,2922.831449245435,9293.83266920086,15675.495822194143,22091.37865818607,19999.999999999996,28661.319108776068,5819.238944418128,15345.444708684825,24872.890459042737,34360.129381726016,20000.000000000004
"Second_[90,95)",79,"[90,95)",ReVac_RZV2,2024,49124.80264821761,11937.124190487695,27431.990214541824,42926.85623859595,58421.72226265009,20000,48690.45790073165,11832.657291186868,27140.724337152635,42530.84277109811,57914.15021093846,20000,39923.45532684167,9293.83266920086,22091.37865818607,34818.94823773244,47580.215960505506,19999.999999999996,61037.92588638355,15345.444708684825,34360.129381726016,53359.24852509532,72472.48755268773,20000.000000000004
"Second_[95,100)",70,"[95,100)",ReVac_RZV1,2024,35677.89270316159,7807.454912481512,19420.13732526488,31032.819738048245,42645.50215083161,20000,35467.440269494924,7731.080191144513,19289.41364470987,30848.024426373602,42407.64045545815,20000,30291.838586089176,6331.483264938933,16323.217371143268,26298.732674778166,36281.49745305569,19999.999999999996,43151.05259844326,9763.176156492758,23622.79409791501,37491.76585053464,51516.395053676984,20000.000000000004
"Second_[95,100)",70,"[95,100)",ReVac_RZV2,2024,75161.01290662504,19420.13732526488,42645.50215083161,65870.86697639835,89096.23180196508,20000,74775.22022186057,19289.41364470987,42407.64045545815,65534.60808823159,88650.98403726832,20000,64180.05586455348,16323.217371143268,36281.49745305569,56243.23071775315,76066.16426064157,19999.999999999996,90312.14259874159,23622.79409791501,51516.395053676984,79154.78398112232,107006.62863659377,20000.000000000004
"Second_[95,100)",71,"[95,100)",ReVac_RZV1,2024,35908.4910869606,7875.231686218751,19555.756436527856,31236.28118683696,42916.80593714606,20000,35681.333591302886,7792.664911797998,19410.059155075804,31025.725216503102,42612.85225013741,20000,30471.3244845726,6377.902726746782,16423.37075834787,26458.22824493869,36492.36606707373,19999.999999999996,43465.16709054678,9882.523157696405,23838.31565487544,37883.204011474416,51885.174822521534,20000.000000000004
"Second_[95,100)",71,"[95,100)",ReVac_RZV2,2024,75622.27523801156,19555.756436527856,42916.80593714606,66277.85543776427,89638.90493838249,20000,75173.6036620407,19410.059155075804,42612.85225013741,65876.80411027424,89110.27575245158,20000,64541.387391314754,16423.37075834787,36492.36606707373,56517.07489677773,76482.4161464572,19999.999999999996,90883.60587811386,23838.31565487544,51885.174822521534,79705.204738655,107715.9269420984,20000.000000000004
"Second_[95,100)",72,"[95,100)",ReVac_RZV1,2024,36167.41106322875,7951.332335357732,19708.03180530399,31464.731275250248,43221.43074519651,20000,35899.02689244984,7869.689773803219,19553.440792747493,31247.05777321726,42909.301403094694,20000,30625.52698190371,6408.5079358517905,16516.583884411317,26624.957762162252,36651.28964982672,19999.999999999996,44003.18346983994,10015.262024780983,24153.38247046176,38311.35244593729,52402.82790244547,20000.000000000004
"Second_[95,100)",72,"[95,100)",ReVac_RZV2,2024,76140.18926104603,19708.03180530399,43221.43074519651,66734.82968508902,90248.22862498154,20000,75625.99171153137,19553.440792747493,42909.301403094694,66277.43874900838,89660.39334068814,20000,64750.58424102059,16516.583884411317,36651.28964982672,56763.59649200533,76807.01717061133,19999.999999999996,91761.8256935975,24153.38247046176,52402.82790244547,80580.14057022452,108535.8541364299,20000.000000000004
"Second_[95,100)",73,"[95,100)",ReVac_RZV1,2024,36458.707332728976,8036.948550918451,19879.348043339505,31721.747535760558,43564.14702818161,20000,36174.808101763425,7952.713110484639,19744.008054819416,31498.918592988128,43226.86790566639,20000,30876.486188727635,6455.687279880149,16623.427529979705,26820.9442879442,36921.484308370484,19999.999999999996,44566.08437363548,10160.30608582174,24451.79667614827,38772.39639186939,53116.35416128004,20000.000000000004
"Second_[95,100)",73,"[95,100)",ReVac_RZV2,2024,76722.86560696056,19879.348043339505,43564.14702818161,67248.94601302371,90933.74499786583,20000,76175.07424860867,19744.008054819416,43226.86790566639,66773.17374257278,90315.41866782063,20000,65126.34945462398,16623.427529979705,36921.484308370484,57068.762582511205,77213.41631189834,19999.999999999996,92860.07306126172,24451.79667614827,53116.35416128004,81551.00968196908,109836.03172700605,20000.000000000004
"Second_[95,100)",74,"[95,100)",ReVac_RZV1,2024,36787.121750960556,8133.4739905973365,20072.493890748676,32011.51379090002,43950.53369105136,20000,36523.31551708158,8041.756219645071,19954.105940283385,31791.107141428587,43619.681972226375,20000,31011.35918161848,6511.536392419806,16706.35413125697,26943.17498942155,37114.2862652651,19999.999999999996,45120.136380729055,10326.956321926851,24763.255991010796,39292.5426252752,53775.120881674295,20000.000000000004
"Second_[95,100)",74,"[95,100)",ReVac_RZV2,2024,77379.78941147511,20072.493890748676,43950.53369105136,67828.57349135404,91706.61329165671,20000,76872.49717481007,19954.105940283385,43619.681972226375,67360.76496607269,91125.51437502995,20000,65491.786936436816,16706.35413125697,37114.2862652651,57431.0938087511,77573.1192273532,19999.999999999996,94131.95871210686,24763.255991010796,53775.120881674295,82619.84158369152,111398.33377840776,20000.000000000004
"Second_[95,100)",75,"[95,100)",ReVac_RZV1,2024,37158.223257436766,8242.54541046985,20290.74451337273,32338.943616275614,44387.1427191785,20000,36879.8366837973,8146.7243128439695,20164.833860766186,32095.219566845102,44063.306900798714,20000,31258.01851791621,6602.033025602523,16837.103145761113,27149.75198496884,37333.68065968979,19999.999999999996,45728.72305545117,10502.489987343846,25113.6124058309,39856.149694231164,54514.93785754536,20000.000000000004
"Second_[95,100)",75,"[95,100)",ReVac_RZV2,2024,78122.10020730656,20290.74451337273,44387.1427191785,68483.54092498426,92579.93913079002,20000,77561.83102167981,20164.833860766186,44063.306900798714,68007.38608691815,91938.46437693237,20000,65995.86832657074,16837.103145761113,37333.68065968979,57811.55607137428,78179.9932595624,19999.999999999996,95413.01243080385,25113.6124058309,54514.93785754536,83803.71791242022,112914.20858541067,20000.000000000004
"Second_[95,100)",76,"[95,100)",ReVac_RZV1,2024,37578.582398001854,8366.093966294287,20537.964146172442,32709.834326050594,44881.70450592875,20000,37316.87273104435,8270.05246320388,20419.45605427541,32459.85541795824,44565.107768307586,20000,31462.065949580272,6649.89739826507,17031.97870340942,27333.161842515263,37647.2632293395,19999.999999999996,46395.5418813774,10689.340856084058,25512.5315746627,40391.16942576691,55350.491269915125,20000.000000000004
"Second_[95,100)",76,"[95,100)",ReVac_RZV2,2024,78962.94100958758,20537.964146172442,44881.70450592875,69225.44486568506,93569.18522544135,20000,78368.32376615051,20419.45605427541,44565.107768307586,68705.20759069244,92914.5010950422,20000,66479.73686763241,17031.97870340942,37647.2632293395,58262.281322733725,78815.40963853867,19999.999999999996,96896.12949227025,25512.5315746627,55350.491269915125,85112.0011014627,114591.67072916974,20000.000000000004
"Second_[95,100)",77,"[95,100)",ReVac_RZV1,2024,38055.99085189159,8506.40974540668,20818.73520644206,33131.06066747744,45443.386128512815,20000,37812.19656038021,8407.72002334569,20682.329335681083,32888.438231662134,45141.06308331965,20000,31743.378564660572,6721.51943961137,17197.709205611358,27588.058331536224,38011.10213208003,19999.999999999996,47139.104576262165,10897.079405879667,25964.902490664193,41043.2883823497,56213.64909826813,20000.000000000004
"Second_[95,100)",77,"[95,100)",ReVac_RZV2,2024,79917.89741941188,20818.73520644206,45443.386128512815,70068.03705058357,94692.68797265433,20000,79345.2909988678,20682.329335681083,45141.06308331965,69542.93798186033,94069.538524913,20000,67145.20866697049,17197.709205611358,38011.10213208003,58864.06024206248,79532.13352381546,19999.999999999996,98429.41298287618,25964.902490664193,56213.64909826813,86392.73969719464,116503.69180416991,20000.000000000004
"Second_[95,100)",78,"[95,100)",ReVac_RZV1,2024,38599.740171144935,8666.223706149089,21138.52223323069,33610.820760312294,46083.1192873939,20000,38323.87973470706,8570.564578649677,20979.184844347423,33391.73797347513,45796.86796045955,20000,32096.742668008203,6834.24292507992,17373.982470085288,27919.63150344331,38390.38081477655,19999.999999999996,47960.97580059606,11143.898711943784,26480.51744008803,41801.79313258576,57219.81496595738,20000.000000000004
"Second_[95,100)",78,"[95,100)",ReVac_RZV2,2024,81005.55516322238,21138.52223323069,46083.1192873939,71027.7163415571,95972.31339572031,20000,80393.28176195925,20979.184844347423,45796.86796045955,70486.65949376914,95278.38361792109,20000,67831.073313128,17373.982470085288,38390.38081477655,59474.169488335334,80403.73901616727,19999.999999999996,100224.22902532262,26480.51744008803,57219.81496595738,87974.76433388185,118598.42606248379,20000.000000000004
"Second_[95,100)",79,"[95,100)",ReVac_RZV1,2024,39220.97939328469,8848.812804951169,21503.8822167568,34158.951628562434,46814.02104036806,20000,38909.55563983905,8751.769363481842,21340.43188825444,33907.19663625715,46478.13791933407,20000,32464.331713678275,6938.989742299173,17625.986239963877,28223.31867548863,38874.60500949292,19999.999999999996,48898.81125550671,11409.9617279964,27065.507838432786,42693.276834187636,58317.493302977855,20000.000000000004
"Second_[95,100)",79,"[95,100)",ReVac_RZV2,2024,82248.21539342383,21503.8822167568,46814.02104036806,72124.15986397932,97434.29868759059,20000,81609.61865318971,21340.43188825444,46478.13791933407,71536.25211090145,96715.74944900123,20000,68555.68604318141,17625.986239963877,38874.60500949292,60127.76083575621,81212.4901598428,19999.999999999996,102098.84822876535,27065.507838432786,58317.493302977855,89628.45442673941,120804.43893180421,20000.000000000004
