Scenario,Age0,Arm,Index,M,L,U
Vac_60,60,Vac,N0,1,1,1
Vac_60,60,Vac,AvtHZ,0.3620368199703149,0.23544163382484898,0.7170731410073182
Vac_60,60,Vac,AvtDeath,0.21645206183676152,0.0560422990893887,0.9009483310764759
Vac_60,60,Vac,dQ_HZ_d,0.005495323115952768,0.0037152039726853366,0.009751180761325315
Vac_60,60,Vac,dQ_Life_d,5.153943819902196e-5,2.367707757189308e-5,1.61270271915237e-4
Vac_60,60,Vac,dQ_All_d,0.00554609463342004,0.0037418525701452317,0.009906122158944753
Vac_60,60,Vac,dC_Vac_d,170,170,170
Vac_60,60,Vac,dC_VacRZV_d,170,170,170
Vac_60,60,Vac,dC_Med_d,-8.148055875868645,-17.166001849972805,-5.2633966805923755
Vac_60,60,Vac,dC_All_d,185.6290875762919,176.71229120086207,188.8060773132465
Vac_60,60,Vac,dN_VacRZV_d,2,2,2
Vac_60,60,Vac,Thres20,59.42553774030181,40.123832502908506,107.70712466090991
Vac_60,60,Vac,Thres30,87.14856340009885,58.775381707797905,157.2950978280886
Vac_60,60,Vac,ICER,33489.51075940698,17901.91529584066,50141.60022849683
Vac_60,60,Vac1,N0,1,1,1
Vac_60,60,Vac1,AvtHZ,0.27219203923107455,0.1757001857930711,0.5881120339091003
Vac_60,60,Vac1,AvtDeath,0.1415681287011893,0.0367998041000495,0.8015707227921793
Vac_60,60,Vac1,dQ_HZ_d,0.00420505702426859,0.002797447231056756,0.008040971816052168
Vac_60,60,Vac1,dQ_Life_d,3.626339970175252e-5,1.6672221426938802e-5,1.2999239748343603e-4
Vac_60,60,Vac1,dQ_All_d,0.004235566208008024,0.0028200321306962373,0.008163493227311356
Vac_60,60,Vac1,dC_Vac_d,85,85,85
Vac_60,60,Vac1,dC_VacRZV_d,85,85,85
Vac_60,60,Vac1,dC_Med_d,-6.133009049789653,-14.10287269031307,-3.914527883604743
Vac_60,60,Vac1,dC_All_d,102.61762997655812,94.7533778209277,105.23942899955523
Vac_60,60,Vac1,dN_VacRZV_d,1,1,1
Vac_60,60,Vac1,Thres20,90.85020214526159,60.64400935991052,177.12852364290325
Vac_60,60,Vac1,Thres30,133.13680480091554,88.88413882608796,258.7634559160168
Vac_60,60,Vac1,ICER,24265.711437459566,11688.283141978898,37345.32709274545
Vac_61,61,Vac,N0,1,1,1
Vac_61,61,Vac,AvtHZ,0.37425994327019907,0.24622690339591619,0.7180471099613274
Vac_61,61,Vac,AvtDeath,0.23645989325440595,0.06542654629879709,0.9068746143012782
Vac_61,61,Vac,dQ_HZ_d,0.005669385930955777,0.0038491676032460288,0.009789508070364486
Vac_61,61,Vac,dQ_Life_d,5.672169690029705e-5,2.7090678948527015e-5,1.667658863438337e-4
Vac_61,61,Vac,dQ_All_d,0.00572906290027575,0.003887287497502401,0.009958635163230811
Vac_61,61,Vac,dC_Vac_d,170,170,170
Vac_61,61,Vac,dC_VacRZV_d,170,170,170
Vac_61,61,Vac,dC_Med_d,-8.497033136130554,-17.420396326715718,-5.517974187229342
Vac_61,61,Vac,dC_All_d,185.55080232536602,176.6641848082604,188.82051683945144
Vac_61,61,Vac,dN_VacRZV_d,2,2,2
Vac_61,61,Vac,Thres20,61.49293565659208,41.74354908959328,108.41927152180075
Vac_61,61,Vac,Thres30,90.11833127781802,61.17998657710529,158.46909349596874
Vac_61,61,Vac,ICER,32418.749826702788,17723.0309834277,48630.76232284393
Vac_61,61,Vac1,N0,1,1,1
Vac_61,61,Vac1,AvtHZ,0.2825381742107741,0.18306530808195176,0.5892983962645683
Vac_61,61,Vac1,AvtDeath,0.15499757674879827,0.0432288759653052,0.8111518537486249
Vac_61,61,Vac1,dQ_HZ_d,0.004342278317959118,0.0029061803534723416,0.00815211143039056
Vac_61,61,Vac1,dQ_Life_d,4.019573620617223e-5,1.9041646418704872e-5,1.3510777818797058e-4
Vac_61,61,Vac1,dQ_All_d,0.0043806496306828535,0.0029247522705537765,0.008281202680784805
Vac_61,61,Vac1,dC_Vac_d,85,85,85
Vac_61,61,Vac1,dC_VacRZV_d,85,85,85
Vac_61,61,Vac1,dC_Med_d,-6.3982798432700765,-14.249431643009771,-4.085027077962542
Vac_61,61,Vac1,dC_All_d,102.62660532117799,94.8367706663504,105.33994502731612
Vac_61,61,Vac1,dN_VacRZV_d,1,1,1
Vac_61,61,Vac1,Thres20,93.79805693426307,62.91928651699025,179.05385165240662
Vac_61,61,Vac1,Thres30,137.59955320015172,92.28476783731726,261.8687887139016
Vac_61,61,Vac1,ICER,23502.520953843406,11565.140545866432,35874.80531889857
Vac_62,62,Vac,N0,1,1,1
Vac_62,62,Vac,AvtHZ,0.3864825388839309,0.2563133994282815,0.718968756473173
Vac_62,62,Vac,AvtDeath,0.25632589221825797,0.07608514972532442,0.9113356076404227
Vac_62,62,Vac,dQ_HZ_d,0.005826009512937935,0.0039790484776094,0.009830605207100272
Vac_62,62,Vac,dQ_Life_d,6.269974129846645e-5,3.081737177144106e-5,1.731561974562812e-4
Vac_62,62,Vac,dQ_All_d,0.005887147604448195,0.004021195697145386,0.010004093235556998
Vac_62,62,Vac,dC_Vac_d,170,170,170
Vac_62,62,Vac,dC_VacRZV_d,170,170,170
Vac_62,62,Vac,dC_Med_d,-8.855535003742048,-17.685726563811674,-5.805180672161816
Vac_62,62,Vac,dC_All_d,185.45788786255412,176.7211522559718,188.81503537024537
Vac_62,62,Vac,dN_VacRZV_d,2,2,2
Vac_62,62,Vac,Thres20,63.30721401009728,43.0761382772409,108.68154292192006
Vac_62,62,Vac,Thres30,92.81076706682097,63.18124087788811,158.97696674047137
Vac_62,62,Vac,ICER,31529.71856195791,17651.818397433526,46855.72520477135
Vac_62,62,Vac1,N0,1,1,1
Vac_62,62,Vac1,AvtHZ,0.2935105586028188,0.19228794599830085,0.5903814700695352
Vac_62,62,Vac1,AvtDeath,0.1695589880937591,0.050327854281248356,0.815702981410328
Vac_62,62,Vac1,dQ_HZ_d,0.004488224165275247,0.003018892777030425,0.008223383690622744
Vac_62,62,Vac1,dQ_Life_d,4.442109966529273e-5,2.1739753669525185e-5,1.4034267057705385e-4
Vac_62,62,Vac1,dQ_All_d,0.0045297860364756914,0.003041353602351204,0.008356038139893317
Vac_62,62,Vac1,dC_Vac_d,85,85,85
Vac_62,62,Vac1,dC_VacRZV_d,85,85,85
Vac_62,62,Vac1,dC_Med_d,-6.683311274550896,-14.470658481536686,-4.30018603692997
Vac_62,62,Vac1,dC_All_d,102.6184549462602,94.92531997049426,105.42458423742966
Vac_62,62,Vac1,dN_VacRZV_d,1,1,1
Vac_62,62,Vac1,Thres20,97.10984460750196,65.29146414300214,181.7567147388751
Vac_62,62,Vac1,Thres30,142.46651715938026,95.62015525882728,265.404813339046
Vac_62,62,Vac1,ICER,22723.04632531711,11440.660486377828,34548.707432944386
Vac_63,63,Vac,N0,1,1,1
Vac_63,63,Vac,AvtHZ,0.40089116768108113,0.2669761668673348,0.7198196000107997
Vac_63,63,Vac,AvtDeath,0.27783164807445115,0.08883694768364347,0.9128716951462046
Vac_63,63,Vac,dQ_HZ_d,0.00596958248811629,0.004122905680182821,0.00989705197105372
Vac_63,63,Vac,dQ_Life_d,6.914560895499022e-5,3.499187329913944e-5,1.792266924383057e-4
Vac_63,63,Vac,dQ_All_d,0.006041913683656475,0.004170565845280106,0.010059348833342873
Vac_63,63,Vac,dC_Vac_d,170,170,170
Vac_63,63,Vac,dC_VacRZV_d,170,170,170
Vac_63,63,Vac,dC_Med_d,-9.255944496724531,-17.96388482414158,-6.100232083484408
Vac_63,63,Vac,dC_All_d,185.35120631542867,176.76747304249648,188.78859860603893
Vac_63,63,Vac,dN_VacRZV_d,2,2,2
Vac_63,63,Vac,Thres20,65.13597091687839,44.76481223337128,109.2337462530629
Vac_63,63,Vac,Thres30,95.39384007056154,65.577266136655,159.39572824708853
Vac_63,63,Vac,ICER,30690.59702086635,17635.004196315087,45187.562714108
Vac_63,63,Vac1,N0,1,1,1
Vac_63,63,Vac1,AvtHZ,0.30472456884648147,0.2014412189104696,0.5933251534824147
Vac_63,63,Vac1,AvtDeath,0.18575492192238213,0.05915619708776258,0.8182777491570432
Vac_63,63,Vac1,dQ_HZ_d,0.004624607476272989,0.0031301556615998976,0.00824389430661528
Vac_63,63,Vac1,dQ_Life_d,4.929123735397667e-5,2.46809525943803e-5,1.4563241277891766e-4
Vac_63,63,Vac1,dQ_All_d,0.004672180151975347,0.0031545565369516027,0.008391485072961035
Vac_63,63,Vac1,dC_Vac_d,85,85,85
Vac_63,63,Vac1,dC_VacRZV_d,85,85,85
Vac_63,63,Vac1,dC_Med_d,-6.9846152969818345,-14.779632598166144,-4.492193308068446
Vac_63,63,Vac1,dC_All_d,102.5884411125626,94.98469246378286,105.50806781727806
Vac_63,63,Vac1,dN_VacRZV_d,1,1,1
Vac_63,63,Vac1,Thres20,100.33754706731042,67.91746112050772,182.23700643404027
Vac_63,63,Vac1,Thres30,147.22921887503026,99.42997783802338,266.4675163543305
Vac_63,63,Vac1,ICER,21983.569721539345,11404.233056566512,33270.96060618643
Vac_64,64,Vac,N0,1,1,1
Vac_64,64,Vac,AvtHZ,0.414697051717448,0.27865174980965857,0.7219275526512087
Vac_64,64,Vac,AvtDeath,0.30149418177403553,0.10228447337637048,0.9142952180351355
Vac_64,64,Vac,dQ_HZ_d,0.006126709611568899,0.004257428771597091,0.009998517006299721
Vac_64,64,Vac,dQ_Life_d,7.590785800726252e-5,3.971814603058732e-5,1.852514775590563e-4
Vac_64,64,Vac,dQ_All_d,0.006201743927766401,0.004300215620833381,0.010159507828208002
Vac_64,64,Vac,dC_Vac_d,170,170,170
Vac_64,64,Vac,dC_VacRZV_d,170,170,170
Vac_64,64,Vac,dC_Med_d,-9.655375019852855,-18.21306876435897,-6.386913673724186
Vac_64,64,Vac,dC_All_d,185.1960575880853,176.81308426655065,188.729387757647
Vac_64,64,Vac,dN_VacRZV_d,2,2,2
Vac_64,64,Vac,Thres20,66.81701739478112,46.344231031394074,110.47223851589567
Vac_64,64,Vac,Thres30,97.71128003894066,67.87779258438088,161.26421496737305
Vac_64,64,Vac,ICER,29908.881169925487,17513.11878013193,43675.15633172784
Vac_64,64,Vac1,N0,1,1,1
Vac_64,64,Vac1,AvtHZ,0.31634887423170827,0.21049832413480213,0.5969355071006626
Vac_64,64,Vac1,AvtDeath,0.2026867327110693,0.06927233386146249,0.820675709383967
Vac_64,64,Vac1,dQ_HZ_d,0.004753301877686986,0.0032389952178419543,0.008277349866238747
Vac_64,64,Vac1,dQ_Life_d,5.4500790952261013e-5,2.8281568365429166e-5,1.5214739502060758e-4
Vac_64,64,Vac1,dQ_All_d,0.0048103974591295895,0.003274648992240836,0.008417646960353409
Vac_64,64,Vac1,dC_Vac_d,85,85,85
Vac_64,64,Vac1,dC_VacRZV_d,85,85,85
Vac_64,64,Vac1,dC_Med_d,-7.28839587647958,-15.06102976459528,-4.751768588249964
Vac_64,64,Vac1,dC_All_d,102.53458138945287,94.97707601676133,105.5339201097487
Vac_64,64,Vac1,dN_VacRZV_d,1,1,1
Vac_64,64,Vac1,Thres20,103.55958355500917,70.41601233495517,183.6635107396552
Vac_64,64,Vac1,Thres30,151.79239611252768,103.2104869008376,268.35585893091616
Vac_64,64,Vac1,ICER,21373.301593174147,11237.879040394393,32206.828724484978
Vac_65,65,Vac,N0,1,1,1
Vac_65,65,Vac,AvtHZ,0.4287264031933772,0.2922239358684772,0.7263217950683879
Vac_65,65,Vac,AvtDeath,0.32579255728954865,0.11754245004754271,0.9156101313824697
Vac_65,65,Vac,dQ_HZ_d,0.006259794694602393,0.004396025289179213,0.010033810700369985
Vac_65,65,Vac,dQ_Life_d,8.316392887763868e-5,4.472390405227955e-5,1.925672839550696e-4
Vac_65,65,Vac,dQ_All_d,0.006342583859082929,0.004443834015281922,0.010202748451142439
Vac_65,65,Vac,dC_Vac_d,170,170,170
Vac_65,65,Vac,dC_VacRZV_d,170,170,170
Vac_65,65,Vac,dC_Med_d,-10.054270340120608,-18.51186117488658,-6.711365038029093
Vac_65,65,Vac,dC_All_d,185.04102997520383,176.864701497058,188.64959939099242
Vac_65,65,Vac,dN_VacRZV_d,2,2,2
Vac_65,65,Vac,Thres20,68.44824668639428,47.936795094644104,110.93048517003696
Vac_65,65,Vac,Thres30,100.31276063641535,70.0785978592433,161.97211273489884
Vac_65,65,Vac,ICER,29149.01233076348,17469.64021885701,42274.08781996988
Vac_65,65,Vac1,N0,1,1,1
Vac_65,65,Vac1,AvtHZ,0.32859275842530766,0.22025156948675137,0.6016792922478759
Vac_65,65,Vac1,AvtDeath,0.22137063951212915,0.08033746778194631,0.8229011235619464
Vac_65,65,Vac1,dQ_HZ_d,0.004864304606353647,0.003341469009024292,0.00830742543733059
Vac_65,65,Vac1,dQ_Life_d,6.000504011360874e-5,3.2342834227083724e-5,1.5851350043072365e-4
Vac_65,65,Vac1,dQ_All_d,0.004925802865441753,0.0033770596188739343,0.00842594042609468
Vac_65,65,Vac1,dC_Vac_d,85,85,85
Vac_65,65,Vac1,dC_VacRZV_d,85,85,85
Vac_65,65,Vac1,dC_Med_d,-7.626101696178928,-15.270505281924107,-4.972628337817538
Vac_65,65,Vac1,dC_All_d,102.45905248175062,95.00700095992673,105.54177282128742
Vac_65,65,Vac1,dN_VacRZV_d,1,1,1
Vac_65,65,Vac1,Thres20,106.24969537785995,72.63405729044553,184.06608318716235
Vac_65,65,Vac1,Thres30,155.4985738416912,106.45075770894101,268.6548894807972
Vac_65,65,Vac1,ICER,20823.435682683514,11196.537446972256,31239.188271267263
Vac_66,66,Vac,N0,1,1,1
Vac_66,66,Vac,AvtHZ,0.4432531059663939,0.30552975923100245,0.73058090844838
Vac_66,66,Vac,AvtDeath,0.3510271703348672,0.13561443258507958,0.9168681658185345
Vac_66,66,Vac,dQ_HZ_d,0.00638697625533796,0.004529086823987901,0.010022771940054137
Vac_66,66,Vac,dQ_Life_d,9.110840627446493e-5,5.0301075565828414e-5,1.999631721661732e-4
Vac_66,66,Vac,dQ_All_d,0.006489208050729722,0.004582029586554404,0.01020520509962357
Vac_66,66,Vac,dC_Vac_d,170,170,170
Vac_66,66,Vac,dC_VacRZV_d,170,170,170
Vac_66,66,Vac,dC_Med_d,-10.478313389628777,-18.786450959253326,-7.023853442277948
Vac_66,66,Vac,dC_All_d,184.8470273849779,176.8534501225775,188.54625447680314
Vac_66,66,Vac,dN_VacRZV_d,2,2,2
Vac_66,66,Vac,Thres20,70.09076398928025,49.56218303294456,110.97626168383968
Vac_66,66,Vac,Thres30,102.48389192814585,72.47075044042658,161.95242604278044
Vac_66,66,Vac,ICER,28573.253027134706,17474.803826561314,40878.121815518796
Vac_66,66,Vac1,N0,1,1,1
Vac_66,66,Vac1,AvtHZ,0.3406583493195072,0.23154404034311804,0.6065177514761768
Vac_66,66,Vac1,AvtDeath,0.24276762325775686,0.09314977515205261,0.8258544941663124
Vac_66,66,Vac1,dQ_HZ_d,0.004997107698849366,0.0034448011936517677,0.008295131508487753
Vac_66,66,Vac1,dQ_Life_d,6.591038146286365e-5,3.621714748964777e-5,1.643493706607657e-4
Vac_66,66,Vac1,dQ_All_d,0.0050677334081949965,0.0034827645284503995,0.008454318803193273
Vac_66,66,Vac1,dC_Vac_d,85,85,85
Vac_66,66,Vac1,dC_VacRZV_d,85,85,85
Vac_66,66,Vac1,dC_Med_d,-7.971544744113967,-15.484904716167264,-5.249120604788143
Vac_66,66,Vac1,dC_All_d,102.3371300721312,95.00290192361119,105.54336695737307
Vac_66,66,Vac1,dN_VacRZV_d,1,1,1
Vac_66,66,Vac1,Thres20,109.30902932884824,74.91371454776203,184.02570404406143
Vac_66,66,Vac1,Thres30,159.99397526799928,109.72668999357278,268.3817478012906
Vac_66,66,Vac1,ICER,20208.97224924698,11225.75140373067,30169.729101125897
Vac_67,67,Vac,N0,1,1,1
Vac_67,67,Vac,AvtHZ,0.4582888179047967,0.3198734498222948,0.7343629282431757
Vac_67,67,Vac,AvtDeath,0.3782014892121861,0.1549559448724032,0.9183290032439347
Vac_67,67,Vac,dQ_HZ_d,0.0065153717146711684,0.0046471798459391004,0.009980112401823754
Vac_67,67,Vac,dQ_Life_d,9.90558598124025e-5,5.6548473054185425e-5,2.074928347347349e-4
Vac_67,67,Vac,dQ_All_d,0.006616948276897183,0.004713538423076802,0.010190409248764576
Vac_67,67,Vac,dC_Vac_d,170,170,170
Vac_67,67,Vac,dC_VacRZV_d,170,170,170
Vac_67,67,Vac,dC_Med_d,-10.914086304271223,-18.95285725627576,-7.356563563623149
Vac_67,67,Vac,dC_All_d,184.62495345922224,176.91156139211023,188.45675839287284
Vac_67,67,Vac,dN_VacRZV_d,2,2,2
Vac_67,67,Vac,Thres20,71.69319142110601,50.88933573873777,110.94445774547837
Vac_67,67,Vac,Thres30,104.7245729761182,74.45702785412178,162.0466602890289
Vac_67,67,Vac,ICER,27898.412097216697,17452.20243515549,39653.78571698142
Vac_67,67,Vac1,N0,1,1,1
Vac_67,67,Vac1,AvtHZ,0.3539283376013488,0.24113813883291021,0.6109573985447485
Vac_67,67,Vac1,AvtDeath,0.266660000413976,0.1074137964542192,0.82753020200764
Vac_67,67,Vac1,dQ_HZ_d,0.005115786880805383,0.0035458594702752607,0.008290464754606328
Vac_67,67,Vac1,dQ_Life_d,7.212719371807452e-5,4.063544406323061e-5,1.7113428756161398e-4
Vac_67,67,Vac1,dQ_All_d,0.005182859278708207,0.0035887803816430086,0.008451813000116326
Vac_67,67,Vac1,dC_Vac_d,85,85,85
Vac_67,67,Vac1,dC_VacRZV_d,85,85,85
Vac_67,67,Vac1,dC_Med_d,-8.330086023801538,-15.726645049838094,-5.527646520777766
Vac_67,67,Vac1,dC_All_d,102.17496084744987,95.09328452932873,105.49652154875196
Vac_67,67,Vac1,dN_VacRZV_d,1,1,1
Vac_67,67,Vac1,Thres20,111.95515426582392,77.33661473581455,185.09247627786067
Vac_67,67,Vac1,Thres30,163.77283602499944,113.38148580911799,269.254471025535
Vac_67,67,Vac1,ICER,19691.945214014762,11283.84640350052,29202.11069383572
Vac_68,68,Vac,N0,1,1,1
Vac_68,68,Vac,AvtHZ,0.4717389931345718,0.334819828184476,0.7382297852868677
Vac_68,68,Vac,AvtDeath,0.40761650488609885,0.1782536436501913,0.9194815025056645
Vac_68,68,Vac,dQ_HZ_d,0.00664181335622754,0.004797658487735932,0.009882394358416965
Vac_68,68,Vac,dQ_Life_d,1.0737158804818847e-4,6.325646598739353e-5,2.1477900297837136e-4
Vac_68,68,Vac,dQ_All_d,0.006743545249171312,0.004875124323906288,0.010103036691321642
Vac_68,68,Vac,dC_Vac_d,170,170,170
Vac_68,68,Vac,dC_VacRZV_d,170,170,170
Vac_68,68,Vac,dC_Med_d,-11.359388305994676,-19.134320916734822,-7.77853483679508
Vac_68,68,Vac,dC_All_d,184.3762187885902,176.9371144862742,188.28008549170298
Vac_68,68,Vac,dN_VacRZV_d,2,2,2
Vac_68,68,Vac,Thres20,73.22936353057685,53.00105142076505,110.19942878058423
Vac_68,68,Vac,Thres30,106.89083672640601,77.37633119801178,160.77103251036107
Vac_68,68,Vac,ICER,27322.853819662956,17598.803186439545,38495.66529127828
Vac_68,68,Vac1,N0,1,1,1
Vac_68,68,Vac1,AvtHZ,0.3670546923869472,0.2510622523975428,0.6148807132764521
Vac_68,68,Vac1,AvtDeath,0.291579099707608,0.12376248237950878,0.8295703568723507
Vac_68,68,Vac1,dQ_HZ_d,0.005222654052803961,0.0036319526520074206,0.008276736092011633
Vac_68,68,Vac1,dQ_Life_d,7.906586873751564e-5,4.5257035481593985e-5,1.76521313815714e-4
Vac_68,68,Vac1,dQ_All_d,0.005307695010012381,0.0036873045848312635,0.00844193061589813
Vac_68,68,Vac1,dC_Vac_d,85,85,85
Vac_68,68,Vac1,dC_VacRZV_d,85,85,85
Vac_68,68,Vac1,dC_Med_d,-8.69707315559321,-16.016767591581782,-5.793812588887023
Vac_68,68,Vac1,dC_All_d,101.99277618204069,95.06412154789501,105.43479573727612
Vac_68,68,Vac1,dN_VacRZV_d,1,1,1
Vac_68,68,Vac1,Thres20,114.62303208321518,79.41226096126094,184.37050575688005
Vac_68,68,Vac1,Thres30,167.57861469914167,116.32453712524291,268.71744731411655
Vac_68,68,Vac1,ICER,19251.890791088517,11262.49287811939,28568.11342548632
Vac_69,69,Vac,N0,1,1,1
Vac_69,69,Vac,AvtHZ,0.48550897347026545,0.3485382279576978,0.7393422100130747
Vac_69,69,Vac,AvtDeath,0.4383200510995343,0.2032048929835585,0.9201683299975402
Vac_69,69,Vac,dQ_HZ_d,0.006743528513235552,0.004933655779321426,0.009823749716784923
Vac_69,69,Vac,dQ_Life_d,1.1616854601825821e-4,7.034070076432642e-5,2.21517948323946e-4
Vac_69,69,Vac,dQ_All_d,0.0068575674270459075,0.005018388024471055,0.01004675923038687
Vac_69,69,Vac,dC_Vac_d,170,170,170
Vac_69,69,Vac,dC_VacRZV_d,170,170,170
Vac_69,69,Vac,dC_Med_d,-11.781583115694925,-19.367867675007588,-8.10216197667484
Vac_69,69,Vac,dC_All_d,184.11391468712804,176.83847825951256,188.07508237742627
Vac_69,69,Vac,dN_VacRZV_d,2,2,2
Vac_69,69,Vac,Thres20,74.58262212963605,54.37053293000132,109.61175920607172
Vac_69,69,Vac,Thres30,108.78195349591878,79.56372007223594,159.6772096654903
Vac_69,69,Vac,ICER,26863.521547893677,17684.78776096202,37392.63678137494
Vac_69,69,Vac1,N0,1,1,1
Vac_69,69,Vac1,AvtHZ,0.3800477363489748,0.26165520406084264,0.6150124128348208
Vac_69,69,Vac1,AvtDeath,0.31603715730355875,0.14224107547346504,0.8306626677353914
Vac_69,69,Vac1,dQ_HZ_d,0.005332508502775183,0.00372734718744186,0.008184422691148933
Vac_69,69,Vac1,dQ_Life_d,8.650670265542004e-5,5.0681715662470594e-5,1.8173440322586382e-4
Vac_69,69,Vac1,dQ_All_d,0.005414595982711212,0.003779588052932148,0.008383039854134732
Vac_69,69,Vac1,dC_Vac_d,85,85,85
Vac_69,69,Vac1,dC_VacRZV_d,85,85,85
Vac_69,69,Vac1,dC_Med_d,-9.092694767289366,-16.136052338249407,-6.0699125099982645
Vac_69,69,Vac1,dC_All_d,101.77785577899252,95.05700978288951,105.34387913885692
Vac_69,69,Vac1,dN_VacRZV_d,1,1,1
Vac_69,69,Vac1,Thres20,117.24570430317729,81.66107038302262,183.96782072412284
Vac_69,69,Vac1,Thres30,171.4246019860808,119.45483219279248,268.2809908824104
Vac_69,69,Vac1,ICER,18817.589570398894,11324.405682016537,27682.15764083027
Vac_70,70,Vac,N0,1,1,1
Vac_70,70,Vac,AvtHZ,0.50160734420473,0.3629798268301111,0.7394324231819002
Vac_70,70,Vac,AvtDeath,0.47008438171121836,0.23086329357009225,0.9207264255002213
Vac_70,70,Vac,dQ_HZ_d,0.006831089382726649,0.005030077171761391,0.00973539835185793
Vac_70,70,Vac,dQ_Life_d,1.2615886663258635e-4,7.78636681100231e-5,2.2778071381610582e-4
Vac_70,70,Vac,dQ_All_d,0.006957956069027382,0.005117777023887671,0.009980432028259312
Vac_70,70,Vac,dC_Vac_d,170,170,170
Vac_70,70,Vac,dC_VacRZV_d,170,170,170
Vac_70,70,Vac,dC_Med_d,-12.288328060205206,-19.542051659380096,-8.487538384172472
Vac_70,70,Vac,dC_All_d,183.80441583768484,176.8174581213754,187.8089602023929
Vac_70,70,Vac,dN_VacRZV_d,2,2,2
Vac_70,70,Vac,Thres20,75.57543386663538,55.47583364864669,108.82568518311787
Vac_70,70,Vac,Thres30,110.34516956968909,81.09060809323994,158.5827626236219
Vac_70,70,Vac,ICER,26450.845266200005,17809.458486060135,36694.417597257125
Vac_70,70,Vac1,N0,1,1,1
Vac_70,70,Vac1,AvtHZ,0.39359066860683,0.27238485907366755,0.6214081325887021
Vac_70,70,Vac1,AvtDeath,0.3428912203712646,0.1627863980625334,0.8316605410968149
Vac_70,70,Vac1,dQ_HZ_d,0.005398646411938032,0.0038140345387586974,0.008181084035782018
Vac_70,70,Vac1,dQ_Life_d,9.438688232332737e-5,5.6595320614905016e-5,1.8693347816816082e-4
Vac_70,70,Vac1,dQ_All_d,0.005494100523232959,0.0038720726232786885,0.008363005693590875
Vac_70,70,Vac1,dC_Vac_d,85,85,85
Vac_70,70,Vac1,dC_VacRZV_d,85,85,85
Vac_70,70,Vac1,dC_Med_d,-9.500542659246168,-16.249019319307063,-6.372574604309959
Vac_70,70,Vac1,dC_All_d,101.54364545317631,95.09978762000293,105.16982355414659
Vac_70,70,Vac1,dN_VacRZV_d,1,1,1
Vac_70,70,Vac1,Thres20,119.54196336776266,84.3319681876104,183.2220394526442
Vac_70,70,Vac1,Thres30,174.56603918897355,123.0133426064947,266.8976323287755
Vac_70,70,Vac1,ICER,18459.068350089554,11433.556985107263,26995.12570943061
Vac_71,71,Vac,N0,1,1,1
Vac_71,71,Vac,AvtHZ,0.5173142603720771,0.3787827855143826,0.7428665341869853
Vac_71,71,Vac,AvtDeath,0.5015887732046233,0.26046146717968344,0.921468285302674
Vac_71,71,Vac,dQ_HZ_d,0.006887104262132796,0.005130402360222343,0.0096205957418669
Vac_71,71,Vac,dQ_Life_d,1.362804267124318e-4,8.624137695050216e-5,2.3386955924684642e-4
Vac_71,71,Vac,dQ_All_d,0.007013402336715657,0.00522075573754508,0.009863793517628982
Vac_71,71,Vac,dC_Vac_d,170,170,170
Vac_71,71,Vac,dC_VacRZV_d,170,170,170
Vac_71,71,Vac,dC_Med_d,-12.710745073587777,-19.662465042002935,-8.965448639673795
Vac_71,71,Vac,dC_All_d,183.44744455853578,176.83599417516584,187.54723098308443
Vac_71,71,Vac,dN_VacRZV_d,2,2,2
Vac_71,71,Vac,Thres20,76.54899057645282,56.71165426586521,108.07681611574432
Vac_71,71,Vac,Thres30,111.60880897330509,82.72430346858648,157.55329444079572
Vac_71,71,Vac,ICER,26138.059792732296,17966.5230118564,35783.1038108003
Vac_71,71,Vac1,N0,1,1,1
Vac_71,71,Vac1,AvtHZ,0.40638847134547673,0.283286459592619,0.6218494535943772
Vac_71,71,Vac1,AvtDeath,0.37021492267410755,0.18636769762151126,0.8329446992187632
Vac_71,71,Vac1,dQ_HZ_d,0.005475176466289172,0.0038832120425508288,0.008120946920011807
Vac_71,71,Vac1,dQ_Life_d,1.0254454858316109e-4,6.311794880042854e-5,1.9235239222745724e-4
Vac_71,71,Vac1,dQ_All_d,0.005582735894877899,0.003949454004804976,0.008337142968963417
Vac_71,71,Vac1,dC_Vac_d,85,85,85
Vac_71,71,Vac1,dC_VacRZV_d,85,85,85
Vac_71,71,Vac1,dC_Med_d,-9.886000945771203,-16.451515978073694,-6.668027320849558
Vac_71,71,Vac1,dC_All_d,101.2819775851531,94.9996708494239,104.93452309461284
Vac_71,71,Vac1,dN_VacRZV_d,1,1,1
Vac_71,71,Vac1,Thres20,121.69040493894083,86.3400390213702,182.4816695039091
Vac_71,71,Vac1,Thres30,177.31086170684068,126.11759664680208,265.85728631468464
Vac_71,71,Vac1,ICER,18153.0833571351,11513.478093038846,26430.928147212195
Vac_72,72,Vac,N0,1,1,1
Vac_72,72,Vac,AvtHZ,0.5330422134767898,0.3965033094339783,0.7456807324738215
Vac_72,72,Vac,AvtDeath,0.5332092305509366,0.2926655030975498,0.9221312858733663
Vac_72,72,Vac,dQ_HZ_d,0.006945639059188098,0.005222850574531264,0.009488628697505094
Vac_72,72,Vac,dQ_Life_d,1.461758264511559e-4,9.559377182539741e-5,2.4164850736894115e-4
Vac_72,72,Vac,dQ_All_d,0.007086896692483968,0.005321894116390569,0.009720563127805714
Vac_72,72,Vac,dC_Vac_d,170,170,170
Vac_72,72,Vac,dC_VacRZV_d,170,170,170
Vac_72,72,Vac,dC_Med_d,-13.20697729541537,-19.79098383859846,-9.372507197963927
Vac_72,72,Vac,dC_All_d,183.06379992653768,176.78466037483827,187.15667670089124
Vac_72,72,Vac,dN_VacRZV_d,2,2,2
Vac_72,72,Vac,Thres20,77.34625123578763,58.14256850685757,107.31109018435058
Vac_72,72,Vac,Thres30,112.68685469959361,84.74865478839095,156.04347149878618
Vac_72,72,Vac,ICER,25880.02463473688,18192.64367941868,35093.02607982279
Vac_72,72,Vac1,N0,1,1,1
Vac_72,72,Vac1,AvtHZ,0.4196853217774481,0.29464851174284445,0.6283289611142844
Vac_72,72,Vac1,AvtDeath,0.4011852160598973,0.21221817071362067,0.8346207529884878
Vac_72,72,Vac1,dQ_HZ_d,0.0055220817101212395,0.0039421387811498275,0.0080332581080998
Vac_72,72,Vac1,dQ_Life_d,1.1145695033221159e-4,7.02582165790222e-5,1.9866600920348532e-4
Vac_72,72,Vac1,dQ_All_d,0.005635043574470977,0.004010529672582707,0.008247348280896592
Vac_72,72,Vac1,dC_Vac_d,85,85,85
Vac_72,72,Vac1,dC_VacRZV_d,85,85,85
Vac_72,72,Vac1,dC_Med_d,-10.261865341217351,-16.60445316620181,-7.025050822116853
Vac_72,72,Vac1,dC_All_d,100.96001474100063,94.96446500589643,104.66478894198858
Vac_72,72,Vac1,dN_VacRZV_d,1,1,1
Vac_72,72,Vac1,Thres20,122.98967383158936,87.52547334021624,181.28948945645695
Vac_72,72,Vac1,Thres30,179.2133425311287,127.49435472129038,263.408618125563
Vac_72,72,Vac1,ICER,17898.096499224266,11569.255970549853,25936.701328550436
Vac_73,73,Vac,N0,1,1,1
Vac_73,73,Vac,AvtHZ,0.5487983989234617,0.41178035170810223,0.7509056898542366
Vac_73,73,Vac,AvtDeath,0.5663595998830544,0.3271804292643504,0.9244887820821069
Vac_73,73,Vac,dQ_HZ_d,0.006966788487091696,0.005261243090805683,0.009402209949427984
Vac_73,73,Vac,dQ_Life_d,1.5721461002460302e-4,1.0550616831221938e-4,2.4980649389156896e-4
Vac_73,73,Vac,dQ_All_d,0.007121419692005304,0.005378238939168201,0.009639624595353303
Vac_73,73,Vac,dC_Vac_d,170,170,170
Vac_73,73,Vac,dC_VacRZV_d,170,170,170
Vac_73,73,Vac,dC_Med_d,-13.681283403269978,-19.985247289983416,-9.848233499669485
Vac_73,73,Vac,dC_All_d,182.6609515301534,176.71926455086717,186.73284446792695
Vac_73,73,Vac,dN_VacRZV_d,2,2,2
Vac_73,73,Vac,Thres20,78.09083236900332,59.18527144483439,105.81207688194162
Vac_73,73,Vac,Thres30,113.66429448676811,86.02909074818551,153.7677175197459
Vac_73,73,Vac,ICER,25620.080428969348,18461.25408526621,34422.058757637205
Vac_73,73,Vac1,N0,1,1,1
Vac_73,73,Vac1,AvtHZ,0.4326298883124824,0.3082098881724922,0.6338411219511647
Vac_73,73,Vac1,AvtDeath,0.43174538235406723,0.23901628551780288,0.838857415284124
Vac_73,73,Vac1,dQ_HZ_d,0.005540883334713561,0.004004923055889928,0.007976108790261671
Vac_73,73,Vac1,dQ_Life_d,1.2008092040272089e-4,7.809177107462872e-5,2.0558498812670576e-4
Vac_73,73,Vac1,dQ_All_d,0.005672107169733209,0.004081784190048632,0.008163369087264581
Vac_73,73,Vac1,dC_Vac_d,85,85,85
Vac_73,73,Vac1,dC_VacRZV_d,85,85,85
Vac_73,73,Vac1,dC_Med_d,-10.67881396159837,-16.700812212315082,-7.371304136527996
Vac_73,73,Vac1,dC_All_d,100.64122448390933,94.88831347281315,104.35740321516343
Vac_73,73,Vac1,dN_VacRZV_d,1,1,1
Vac_73,73,Vac1,Thres20,124.19302864012016,89.04478714007794,179.63981431022117
Vac_73,73,Vac1,Thres30,180.83281861629243,129.82382492428985,261.53219294981193
Vac_73,73,Vac1,ICER,17693.49350159402,11715.144898545805,25423.298829503598
Vac_74,74,Vac,N0,1,1,1
Vac_74,74,Vac,AvtHZ,0.5626827038734561,0.42755495865554527,0.7560577041468071
Vac_74,74,Vac,AvtDeath,0.5999470442277295,0.36402548732000944,0.9281734365498964
Vac_74,74,Vac,dQ_HZ_d,0.006952610269633909,0.0053225720846182024,0.009255867219040445
Vac_74,74,Vac,dQ_Life_d,1.68102699428907e-4,1.1599979242875591e-4,2.5718100022737995e-4
Vac_74,74,Vac,dQ_All_d,0.007114539991076363,0.0054482241377953764,0.009513399967416025
Vac_74,74,Vac,dC_Vac_d,170,170,170
Vac_74,74,Vac,dC_VacRZV_d,170,170,170
Vac_74,74,Vac,dC_Med_d,-14.137340313323488,-20.051207331160157,-10.283255637564572
Vac_74,74,Vac,dC_All_d,182.25374565248353,176.6915573345883,186.38584769455787
Vac_74,74,Vac,dN_VacRZV_d,2,2,2
Vac_74,74,Vac,Thres20,78.38526943638381,59.769744958362466,104.7176062310426
Vac_74,74,Vac,Thres30,113.78225497448608,87.10895728388837,152.52629125771657
Vac_74,74,Vac,ICER,25631.784268853356,18621.33312124092,34265.203647416965
Vac_74,74,Vac1,N0,1,1,1
Vac_74,74,Vac1,AvtHZ,0.44612630120387015,0.3207592911635899,0.6365204115794345
Vac_74,74,Vac1,AvtDeath,0.4600636056800567,0.270326517022715,0.8455121605204253
Vac_74,74,Vac1,dQ_HZ_d,0.005547555765687688,0.0040267992359930335,0.007849670214942832
Vac_74,74,Vac1,dQ_Life_d,1.2971409824036328e-4,8.592745902569199e-5,2.1045848747798242e-4
Vac_74,74,Vac1,dQ_All_d,0.0056884104940113644,0.004125362177528147,0.00806582971224603
Vac_74,74,Vac1,dC_Vac_d,85,85,85
Vac_74,74,Vac1,dC_VacRZV_d,85,85,85
Vac_74,74,Vac1,dC_Med_d,-11.0921891492625,-16.839103377911542,-7.696495171223189
Vac_74,74,Vac1,dC_All_d,100.2658678999089,94.85558368801274,104.07353329704928
Vac_74,74,Vac1,dN_VacRZV_d,1,1,1
Vac_74,74,Vac1,Thres20,124.88410691380673,90.67036173749143,177.9519023942133
Vac_74,74,Vac1,Thres30,181.62953249707,132.33359983407144,258.93252997735374
Vac_74,74,Vac1,ICER,17606.305598728617,11828.0986936953,25065.113792096807
Vac_75,75,Vac,N0,1,1,1
Vac_75,75,Vac,AvtHZ,0.5761711723182806,0.4416817767497555,0.7567934271577104
Vac_75,75,Vac,AvtDeath,0.632042766857753,0.404080482485185,0.9307564200616992
Vac_75,75,Vac,dQ_HZ_d,0.00689177821970805,0.005330596995265963,0.009062797665546492
Vac_75,75,Vac,dQ_Life_d,1.8009737289137462e-4,1.270452602602612e-4,2.6534388942134335e-4
Vac_75,75,Vac,dQ_All_d,0.007083814236183539,0.005474189353912551,0.00931694680178967
Vac_75,75,Vac,dC_Vac_d,170,170,170
Vac_75,75,Vac,dC_VacRZV_d,170,170,170
Vac_75,75,Vac,dC_Med_d,-14.555383999821625,-20.1163359919869,-10.673945586347113
Vac_75,75,Vac,dC_All_d,181.8000337091533,176.62369137535057,185.9479145937688
Vac_75,75,Vac,dN_VacRZV_d,2,2,2
Vac_75,75,Vac,Thres20,78.20567295720801,60.16780521066517,103.31166795221412
Vac_75,75,Vac,Thres30,113.61422769751539,87.60596242210562,149.90952034363846
Vac_75,75,Vac,ICER,25659.11008840828,18873.533079477274,33895.81090215014
Vac_75,75,Vac1,N0,1,1,1
Vac_75,75,Vac1,AvtHZ,0.460584646345758,0.3339308129239368,0.6384971177759515
Vac_75,75,Vac1,AvtDeath,0.4906232592135271,0.3016879639710553,0.8504888000452266
Vac_75,75,Vac1,dQ_HZ_d,0.005543200258016749,0.004038850498508681,0.0077255379688483325
Vac_75,75,Vac1,dQ_Life_d,1.3899994125177173e-4,9.39641249005918e-5,2.1872575016772527e-4
Vac_75,75,Vac1,dQ_All_d,0.005677769400658228,0.004146419207437879,0.007947204767620165
Vac_75,75,Vac1,dC_Vac_d,85,85,85
Vac_75,75,Vac1,dC_VacRZV_d,85,85,85
Vac_75,75,Vac1,dC_Med_d,-11.480111546920803,-17.024135601477557,-8.098802989205355
Vac_75,75,Vac1,dC_All_d,99.8917806642599,94.74680557096744,103.80590907025257
Vac_75,75,Vac1,dN_VacRZV_d,1,1,1
Vac_75,75,Vac1,Thres20,125.30078029000204,91.65629520334826,175.74023324360854
Vac_75,75,Vac1,Thres30,182.2531839033494,133.12088521516282,255.29312645579805
Vac_75,75,Vac1,ICER,17542.38469405606,11978.004853842589,24808.920498916912
Vac_76,76,Vac,N0,1,1,1
Vac_76,76,Vac,AvtHZ,0.5902365539136614,0.45804000307286274,0.7596045824897997
Vac_76,76,Vac,AvtDeath,0.6610817414080381,0.4440935973867014,0.9320884859514729
Vac_76,76,Vac,dQ_HZ_d,0.006841100435804728,0.005312568896979228,0.008881946022451797
Vac_76,76,Vac,dQ_Life_d,1.911103550975568e-4,1.3748570253619975e-4,2.715113749816478e-4
Vac_76,76,Vac,dQ_All_d,0.007033756240666822,0.005466259687410945,0.009135531195514423
Vac_76,76,Vac,dC_Vac_d,170,170,170
Vac_76,76,Vac,dC_VacRZV_d,170,170,170
Vac_76,76,Vac,dC_Med_d,-14.96791800940694,-20.276072258253343,-11.031310251011051
Vac_76,76,Vac,dC_All_d,181.35603113419802,176.4956893599347,185.39698201432702
Vac_76,76,Vac,dN_VacRZV_d,2,2,2
Vac_76,76,Vac,Thres20,77.91792487076147,60.548872754554985,101.30352477956016
Vac_76,76,Vac,Thres30,113.13453710316458,87.90907593187956,146.9055479096297
Vac_76,76,Vac,ICER,25748.679263201575,19329.41917574732,33741.73583004662
Vac_76,76,Vac1,N0,1,1,1
Vac_76,76,Vac1,AvtHZ,0.4730521957910457,0.34612480126356837,0.64304681557111
Vac_76,76,Vac1,AvtDeath,0.5243875936181649,0.33249061929858154,0.8518323464931322
Vac_76,76,Vac1,dQ_HZ_d,0.00550228453509699,0.004019670634675645,0.007566419059919626
Vac_76,76,Vac1,dQ_Life_d,1.4909700077758714e-4,1.0192237718293918e-4,2.2629042341311135e-4
Vac_76,76,Vac1,dQ_All_d,0.005658800990540058,0.004143452782162216,0.007798364651332967
Vac_76,76,Vac1,dC_Vac_d,85,85,85
Vac_76,76,Vac1,dC_VacRZV_d,85,85,85
Vac_76,76,Vac1,dC_Med_d,-11.869782324896123,-17.182709401342024,-8.444422047799241
Vac_76,76,Vac1,dC_All_d,99.47396285503251,94.56383142094872,103.39758525782847
Vac_76,76,Vac1,dN_VacRZV_d,1,1,1
Vac_76,76,Vac1,Thres20,125.14033231146351,91.61003189739347,172.77288614876022
Vac_76,76,Vac1,Thres30,181.84707466392956,132.67491097786746,251.13427439543835
Vac_76,76,Vac1,ICER,17502.934298546345,12229.776569440895,24812.083006978282
Vac_77,77,Vac,N0,1,1,1
Vac_77,77,Vac,AvtHZ,0.6055559652048099,0.4721628911686078,0.7623674228592289
Vac_77,77,Vac,AvtDeath,0.6910303570154256,0.48349048550836327,0.9322804421188937
Vac_77,77,Vac,dQ_HZ_d,0.006739848133739143,0.005282389936205789,0.008680503299001663
Vac_77,77,Vac,dQ_Life_d,2.0227283935536633e-4,1.4832547328569312e-4,2.7737367413593894e-4
Vac_77,77,Vac,dQ_All_d,0.006935974125512612,0.005442867495607584,0.008944166787681928
Vac_77,77,Vac,dC_Vac_d,170,170,170
Vac_77,77,Vac,dC_VacRZV_d,170,170,170
Vac_77,77,Vac,dC_Med_d,-15.370494885602671,-20.414400798483502,-11.469180560301945
Vac_77,77,Vac,dC_All_d,180.90972510124894,176.31005101964905,184.88891909260406
Vac_77,77,Vac,dN_VacRZV_d,2,2,2
Vac_77,77,Vac,Thres20,77.21535469501438,60.39647669291954,99.39039730527224
Vac_77,77,Vac,Thres30,111.85880508742048,87.56859997192319,143.77685287590648
Vac_77,77,Vac,ICER,25975.617743654024,19767.131834412696,33874.75187390226
Vac_77,77,Vac1,N0,1,1,1
Vac_77,77,Vac1,AvtHZ,0.4857901360835405,0.3573251738161819,0.6462003195944691
Vac_77,77,Vac1,AvtDeath,0.557881550648875,0.36546771924778754,0.8524985278292525
Vac_77,77,Vac1,dQ_HZ_d,0.005464956952236556,0.003984933977639881,0.007404476459898679
Vac_77,77,Vac1,dQ_Life_d,1.585087027531351e-4,1.1057767174560418e-4,2.3182413055951033e-4
Vac_77,77,Vac1,dQ_All_d,0.005622556771549103,0.00410594123538257,0.00761968783343554
Vac_77,77,Vac1,dC_Vac_d,85,85,85
Vac_77,77,Vac1,dC_VacRZV_d,85,85,85
Vac_77,77,Vac1,dC_Med_d,-12.238685589720795,-17.426072147183138,-8.740661962840171
Vac_77,77,Vac1,dC_All_d,99.02718889235973,94.3607480455497,103.02172939683324
Vac_77,77,Vac1,dN_VacRZV_d,1,1,1
Vac_77,77,Vac1,Thres20,124.5911793427426,91.49902053161786,169.60383955062716
Vac_77,77,Vac1,Thres30,180.94646829171623,132.74523502270475,245.390479007603
Vac_77,77,Vac1,ICER,17614.03626616712,12357.43448501202,24786.714048205224
Vac_78,78,Vac,N0,1,1,1
Vac_78,78,Vac,AvtHZ,0.6192064900783784,0.48686619975865536,0.7647717738234686
Vac_78,78,Vac,AvtDeath,0.721931672146278,0.5218996570457912,0.9338323977773458
Vac_78,78,Vac,dQ_HZ_d,0.006619924313885845,0.005234981019377528,0.008464166950109125
Vac_78,78,Vac,dQ_Life_d,2.1276476976428427e-4,1.585987903248265e-4,2.8391248973675954e-4
Vac_78,78,Vac,dQ_All_d,0.006824082558607891,0.005407992442869758,0.008730679714484001
Vac_78,78,Vac,dC_Vac_d,170,170,170
Vac_78,78,Vac,dC_VacRZV_d,170,170,170
Vac_78,78,Vac,dC_Med_d,-15.71827147177521,-20.469550104569237,-11.963241967137403
Vac_78,78,Vac,dC_All_d,180.41301886023302,176.1818787842292,184.37129048361643
Vac_78,78,Vac,dN_VacRZV_d,2,2,2
Vac_78,78,Vac,Thres20,76.17977256481512,60.34100035617468,96.90840353787054
Vac_78,78,Vac,Thres30,110.35763748535311,87.20740594998088,140.54831645873034
Vac_78,78,Vac,ICER,26393.83527333411,20279.85481990581,33930.02275009126
Vac_78,78,Vac1,N0,1,1,1
Vac_78,78,Vac1,AvtHZ,0.4984632028453452,0.368036129427352,0.652747418735273
Vac_78,78,Vac1,AvtDeath,0.5913851857293689,0.4031774751756243,0.8552615962114791
Vac_78,78,Vac1,dQ_HZ_d,0.00537689452296667,0.003951473728689728,0.007239286625667561
Vac_78,78,Vac1,dQ_Life_d,1.6841583867543974e-4,1.1852183170857344e-4,2.3961463719555096e-4
Vac_78,78,Vac1,dQ_All_d,0.005558082034486933,0.004080562041270653,0.007459233555181366
Vac_78,78,Vac1,dC_Vac_d,85,85,85
Vac_78,78,Vac1,dC_VacRZV_d,85,85,85
Vac_78,78,Vac1,dC_Med_d,-12.582501320181613,-17.46914418889813,-9.075109473755127
Vac_78,78,Vac1,dC_All_d,98.55033591973395,94.19378336691769,102.44501641914539
Vac_78,78,Vac1,dN_VacRZV_d,1,1,1
Vac_78,78,Vac1,Thres20,123.83681352182215,91.10796941497306,165.9965291493638
Vac_78,78,Vac1,Thres30,179.31585987699668,131.74744490269302,240.3087352506644
Vac_78,78,Vac1,ICER,17731.99680432894,12666.767134118114,24863.327307728632
Vac_79,79,Vac,N0,1,1,1
Vac_79,79,Vac,AvtHZ,0.6309911054461347,0.502043207208489,0.7711499840306291
Vac_79,79,Vac,AvtDeath,0.7510554288994004,0.5624644304540563,0.9354448973584341
Vac_79,79,Vac,dQ_HZ_d,0.006493922387037396,0.005118385663727309,0.008218379861179327
Vac_79,79,Vac,dQ_Life_d,2.2232698158530795e-4,0.00016930873447034147,2.904950484767355e-4
Vac_79,79,Vac,dQ_All_d,0.006712739944560564,0.005323915144672631,0.00850882756664324
Vac_79,79,Vac,dC_Vac_d,170,170,170
Vac_79,79,Vac,dC_VacRZV_d,170,170,170
Vac_79,79,Vac,dC_Med_d,-15.946235813296244,-20.426822520900487,-12.317320772863425
Vac_79,79,Vac,dC_All_d,179.96315409470046,176.0324523139004,183.7737396208517
Vac_79,79,Vac,dN_VacRZV_d,2,2,2
Vac_79,79,Vac,Thres20,75.13187242915525,59.61035051159457,94.83874655395549
Vac_79,79,Vac,Thres30,108.62896826827502,86.2262626531149,137.3203608778684
Vac_79,79,Vac,ICER,26805.983030194526,20783.27903700249,34275.50773106712
Vac_79,79,Vac1,N0,1,1,1
Vac_79,79,Vac1,AvtHZ,0.5116326254986113,0.378629592372971,0.66305381185341
Vac_79,79,Vac1,AvtDeath,0.6245067394613897,0.44053611151495214,0.8632010752004255
Vac_79,79,Vac1,dQ_HZ_d,0.005303568679987842,0.0038769514635961563,0.007033435324913003
Vac_79,79,Vac1,dQ_Life_d,1.771599987692163e-4,1.26544952462182e-4,2.4490250442799066e-4
Vac_79,79,Vac1,dQ_All_d,0.005480841706170914,0.004014441912308953,0.007256881883612331
Vac_79,79,Vac1,dC_Vac_d,85,85,85
Vac_79,79,Vac1,dC_VacRZV_d,85,85,85
Vac_79,79,Vac1,dC_Med_d,-12.85713599116545,-17.584027512170838,-9.341017762170555
Vac_79,79,Vac1,dC_All_d,98.091029035249,93.96756152150478,101.96052029692788
Vac_79,79,Vac1,dN_VacRZV_d,1,1,1
Vac_79,79,Vac1,Thres20,122.66720571735335,89.95896947090569,162.6177258791783
Vac_79,79,Vac1,Thres30,177.24864460078498,130.19319321888358,235.10683762201552
Vac_79,79,Vac1,ICER,17889.346183577145,12938.66744907299,25126.183327418526
Vac_80,80,Vac,N0,1,1,1
Vac_80,80,Vac,AvtHZ,0.6432438489746437,0.5166926902285579,0.77687260925713
Vac_80,80,Vac,AvtDeath,0.7791494567271131,0.6003459656979152,0.9392950805123265
Vac_80,80,Vac,dQ_HZ_d,0.006355664520659474,0.0049811415898610096,0.00795194652419157
Vac_80,80,Vac,dQ_Life_d,2.3114318807770928e-4,1.7782184892221054e-4,2.9569240473679146e-4
Vac_80,80,Vac,dQ_All_d,0.006581149040800316,0.005187257916219013,0.008218014547302865
Vac_80,80,Vac,dC_Vac_d,170,170,170
Vac_80,80,Vac,dC_VacRZV_d,170,170,170
Vac_80,80,Vac,dC_Med_d,-16.142927015963352,-20.501213899634898,-12.658711252026484
Vac_80,80,Vac,dC_All_d,179.46842826561522,175.82133347153308,183.309794203059
Vac_80,80,Vac,dN_VacRZV_d,2,2,2
Vac_80,80,Vac,Thres20,73.81370500370048,58.60973512808413,92.31355963636818
Vac_80,80,Vac,Thres30,106.65472299739707,84.4347258638888,133.3246048114461
Vac_80,80,Vac,ICER,27294.732682805155,21319.286130999546,34989.505042445744
Vac_80,80,Vac1,N0,1,1,1
Vac_80,80,Vac1,AvtHZ,0.5236955143634552,0.3912437251463322,0.6752113488261688
Vac_80,80,Vac1,AvtDeath,0.6572278708953365,0.47588426438728654,0.865077445224706
Vac_80,80,Vac1,dQ_HZ_d,0.005183925720386168,0.00380116186333401,0.00688249609036942
Vac_80,80,Vac1,dQ_Life_d,1.8583283759232572e-4,1.3361586011297887e-4,2.495224320842704e-4
Vac_80,80,Vac1,dQ_All_d,0.005370334833795454,0.003950729951422938,0.007122410133894742
Vac_80,80,Vac1,dC_Vac_d,85,85,85
Vac_80,80,Vac1,dC_VacRZV_d,85,85,85
Vac_80,80,Vac1,dC_Med_d,-13.095933869866961,-17.502116372522796,-9.563875610363947
Vac_80,80,Vac1,dC_All_d,97.58851556047105,93.58295571545149,101.50134754438693
Vac_80,80,Vac1,dN_VacRZV_d,1,1,1
Vac_80,80,Vac1,Thres20,120.76177684306694,89.00064256305258,159.10627147980267
Vac_80,80,Vac1,Thres30,174.8228995286848,128.4107751542627,229.4517323940336
Vac_80,80,Vac1,ICER,18144.95109970635,13302.233509327416,25476.93819068825
Vac_81,81,Vac,N0,1,1,1
Vac_81,81,Vac,AvtHZ,0.6561944533528183,0.5286384717507095,0.7833213100171769
Vac_81,81,Vac,AvtDeath,0.8045212287485348,0.6447295582553643,0.9412493833323621
Vac_81,81,Vac,dQ_HZ_d,0.006173670672738486,0.004828787408791763,0.007680685043162928
Vac_81,81,Vac,dQ_Life_d,2.39068307072543e-4,1.852392384187995e-4,3.006630636484653e-4
Vac_81,81,Vac,dQ_All_d,0.006412519906799918,0.005052738614705699,0.007959181255514357
Vac_81,81,Vac,dC_Vac_d,170,170,170
Vac_81,81,Vac,dC_VacRZV_d,170,170,170
Vac_81,81,Vac,dC_Med_d,-16.286441430880817,-20.35442941784372,-12.827199391274096
Vac_81,81,Vac,dC_All_d,178.99214242894752,175.59761240273994,182.70283898807716
Vac_81,81,Vac,dN_VacRZV_d,2,2,2
Vac_81,81,Vac,Thres20,72.20653521042198,57.435237832656256,89.6244217747138
Vac_81,81,Vac,Thres30,104.20971108451863,82.70308016869261,129.28076686850483
Vac_81,81,Vac,ICER,27938.331821336338,22143.098586269996,35879.25282301578
Vac_81,81,Vac1,N0,1,1,1
Vac_81,81,Vac1,AvtHZ,0.5348239176134066,0.4012113324614801,0.6813076856693511
Vac_81,81,Vac1,AvtDeath,0.6878362227499545,0.520063673532299,0.8701838336314154
Vac_81,81,Vac1,dQ_HZ_d,0.005069935999071972,0.003689057218803024,0.006715216660825175
Vac_81,81,Vac1,dQ_Life_d,1.9304569407996297e-4,1.407793526198464e-4,2.577554535275528e-4
Vac_81,81,Vac1,dQ_All_d,0.005277945862905309,0.0038351379658102536,0.006964620395252585
Vac_81,81,Vac1,dC_Vac_d,85,85,85
Vac_81,81,Vac1,dC_VacRZV_d,85,85,85
Vac_81,81,Vac1,dC_Med_d,-13.267379252277962,-17.550457294512817,-9.764524622861122
Vac_81,81,Vac1,dC_All_d,97.09470725018231,93.24433392345227,100.97125916851917
Vac_81,81,Vac1,dN_VacRZV_d,1,1,1
Vac_81,81,Vac1,Thres20,118.57771985967182,87.2113132807535,155.5683078332705
Vac_81,81,Vac1,Thres30,171.22650674953223,125.57497670327561,224.87240959340406
Vac_81,81,Vac1,ICER,18395.128273493712,13522.338002224998,25992.804035197525
Vac_82,82,Vac,N0,1,1,1
Vac_82,82,Vac,AvtHZ,0.6676416077967432,0.5408605716503709,0.791243273336091
Vac_82,82,Vac,AvtDeath,0.8284201328159784,0.6799623269998731,0.9441417638304248
Vac_82,82,Vac,dQ_HZ_d,0.005969453753321564,0.004669561775991051,0.007417764256587123
Vac_82,82,Vac,dQ_Life_d,2.453542782343554e-4,1.910755551618237e-4,3.0549664887311593e-4
Vac_82,82,Vac,dQ_All_d,0.0062185915275909665,0.004876132444799364,0.007702464172410872
Vac_82,82,Vac,dC_Vac_d,170,170,170
Vac_82,82,Vac,dC_VacRZV_d,170,170,170
Vac_82,82,Vac,dC_Med_d,-16.35685279833493,-20.332669580609707,-12.987248999998213
Vac_82,82,Vac,dC_All_d,178.52940317184454,175.33534747261476,182.0327762596585
Vac_82,82,Vac,dN_VacRZV_d,2,2,2
Vac_82,82,Vac,Thres20,70.38054015138576,55.75692654076648,86.50759777737375
Vac_82,82,Vac,Thres30,101.49085295534559,80.1664510532616,125.1309773659052
Vac_82,82,Vac,ICER,28792.24507944463,22887.52158659313,37068.887577848414
Vac_82,82,Vac1,N0,1,1,1
Vac_82,82,Vac1,AvtHZ,0.5463910928302325,0.4103268014089111,0.6888982921948258
Vac_82,82,Vac1,AvtDeath,0.7153157316242097,0.5577006912348564,0.8756159306664184
Vac_82,82,Vac1,dQ_HZ_d,0.0049177787705456735,0.0035713826411792123,0.006491341051199611
Vac_82,82,Vac1,dQ_Life_d,1.997081301334802e-4,1.4595561337837903e-4,2.650550345731695e-4
Vac_82,82,Vac1,dQ_All_d,0.005126277996913675,0.003731851651001139,0.006739730632221641
Vac_82,82,Vac1,dC_Vac_d,85,85,85
Vac_82,82,Vac1,dC_VacRZV_d,85,85,85
Vac_82,82,Vac1,dC_Med_d,-13.356096487043176,-17.521942106937072,-9.859327810778554
Vac_82,82,Vac1,dC_All_d,96.54611126669954,92.89931346039504,100.45728206185794
Vac_82,82,Vac1,dN_VacRZV_d,1,1,1
Vac_82,82,Vac1,Thres20,115.75002570582485,85.14209298215272,151.60821903023378
Vac_82,82,Vac1,Thres30,167.08887033209322,122.65593530106933,218.952571512878
Vac_82,82,Vac1,ICER,18857.440414855548,13916.141680344319,26740.560478541604
Vac_83,83,Vac,N0,1,1,1
Vac_83,83,Vac,AvtHZ,0.6779925768781707,0.5521136323955135,0.7964237506618351
Vac_83,83,Vac,AvtDeath,0.8486072938311534,0.7170452900981987,0.9464957233658418
Vac_83,83,Vac,dQ_HZ_d,0.005760180537935307,0.004513808074775476,0.0071245595696834
Vac_83,83,Vac,dQ_Life_d,2.4948939930569125e-4,1.9614159608556393e-4,3.099209570487815e-4
Vac_83,83,Vac,dQ_All_d,0.006015077571734917,0.004736972722673283,0.0074052867236717316
Vac_83,83,Vac,dC_Vac_d,170,170,170
Vac_83,83,Vac,dC_VacRZV_d,170,170,170
Vac_83,83,Vac,dC_Med_d,-16.382647413751947,-20.369308193033806,-12.944772615541098
Vac_83,83,Vac,dC_All_d,178.02604516127815,175.06983640172749,181.56293949672198
Vac_83,83,Vac,dN_VacRZV_d,2,2,2
Vac_83,83,Vac,Thres20,68.42834003278105,54.19786094189919,83.88371673367014
Vac_83,83,Vac,Thres30,98.49673216150862,77.87600178887627,121.12784724092488
Vac_83,83,Vac,ICER,29665.98208204706,23754.162027679526,38029.95435468541
Vac_83,83,Vac1,N0,1,1,1
Vac_83,83,Vac1,AvtHZ,0.5565532214651147,0.41853911706687325,0.697654304186171
Vac_83,83,Vac1,AvtDeath,0.7399359073598237,0.5956588555483758,0.8795411351261938
Vac_83,83,Vac1,dQ_HZ_d,0.00475731210585646,0.003479616837374124,0.006266452520785787
Vac_83,83,Vac1,dQ_Life_d,2.0510166090081938e-4,1.4943601407853003e-4,2.7071854060167766e-4
Vac_83,83,Vac1,dQ_All_d,0.004956439721968131,0.003630184430698624,0.006515182688194531
Vac_83,83,Vac1,dC_Vac_d,85,85,85
Vac_83,83,Vac1,dC_VacRZV_d,85,85,85
Vac_83,83,Vac1,dC_Med_d,-13.450920518116249,-17.567359476403407,-9.909356036096534
Vac_83,83,Vac1,dC_All_d,96.00701712563554,92.57534037605059,99.87214409271729
Vac_83,83,Vac1,dN_VacRZV_d,1,1,1
Vac_83,83,Vac1,Thres20,113.04299667389941,82.92749438797728,147.25901163132542
Vac_83,83,Vac1,Thres30,162.57641463918083,119.31401364514088,212.27898004084014
Vac_83,83,Vac1,ICER,19390.234242798957,14336.026671997999,27465.803239728375
Vac_84,84,Vac,N0,1,1,1
Vac_84,84,Vac,AvtHZ,0.6881885144444035,0.5624591481702589,0.8042520402103558
Vac_84,84,Vac,AvtDeath,0.86528620909503,0.7516319887034592,0.9490116040633096
Vac_84,84,Vac,dQ_HZ_d,0.00553815523766403,0.004331048415243656,0.006826040505918694
Vac_84,84,Vac,dQ_Life_d,2.522099291364377e-4,1.9724286099183087e-4,3.1541414930496e-4
Vac_84,84,Vac,dQ_All_d,0.00578979826077175,0.004551738754958156,0.007130760540148606
Vac_84,84,Vac,dC_Vac_d,170,170,170
Vac_84,84,Vac,dC_VacRZV_d,170,170,170
Vac_84,84,Vac,dC_Med_d,-16.329894960686655,-20.1490733279914,-12.937600318975456
Vac_84,84,Vac,dC_All_d,177.5793034584977,174.84453986742852,180.94022433227244
Vac_84,84,Vac,dN_VacRZV_d,2,2,2
Vac_84,84,Vac,Thres20,66.0424792454827,52.398581269526765,80.43468011681489
Vac_84,84,Vac,Thres30,95.13057982179237,75.14713575801521,116.0343685679526
Vac_84,84,Vac,ICER,30694.078330767126,24725.273892220477,39390.541804546134
Vac_84,84,Vac1,N0,1,1,1
Vac_84,84,Vac1,AvtHZ,0.5656283279091019,0.42467061511380866,0.7045622150250699
Vac_84,84,Vac1,AvtDeath,0.7646451981440525,0.6272911212895852,0.8902731963869439
Vac_84,84,Vac1,dQ_HZ_d,0.004586338701023502,0.0033469915281514424,0.005997955499365993
Vac_84,84,Vac1,dQ_Life_d,2.0879279343821722e-4,1.4957490164131394e-4,2.74927660400448e-4
Vac_84,84,Vac1,dQ_All_d,0.0048010556336359755,0.003499717151890369,0.006269692020920181
Vac_84,84,Vac1,dC_Vac_d,85,85,85
Vac_84,84,Vac1,dC_VacRZV_d,85,85,85
Vac_84,84,Vac1,dC_Med_d,-13.456930531268554,-17.525404498612644,-9.831170021117655
Vac_84,84,Vac1,dC_All_d,95.45529097615159,92.06269985512192,99.31518230354364
Vac_84,84,Vac1,dN_VacRZV_d,1,1,1
Vac_84,84,Vac1,Thres20,109.67353433945108,80.14776247001457,141.41032597618076
Vac_84,84,Vac1,Thres30,157.78150037771798,115.20096488928232,203.74993464043587
Vac_84,84,Vac1,ICER,19912.66152902243,14793.819691947572,28208.778472361188
Vac_85,85,Vac,N0,1,1,1
Vac_85,85,Vac,AvtHZ,0.6970217814421031,0.5687906158448545,0.8104886088667572
Vac_85,85,Vac,AvtDeath,0.8802201090443902,0.7818812698035407,0.9546595344887928
Vac_85,85,Vac,dQ_HZ_d,0.005298827282765858,0.004134159725355298,0.006532432128744906
Vac_85,85,Vac,dQ_Life_d,2.527576203910087e-4,1.9548861414462327e-4,3.1580537476849635e-4
Vac_85,85,Vac,dQ_All_d,0.0055607816654719144,0.004337888100745713,0.0068382248248735735
Vac_85,85,Vac,dC_Vac_d,170,170,170
Vac_85,85,Vac,dC_VacRZV_d,170,170,170
Vac_85,85,Vac,dC_Med_d,-16.192290152713802,-20.000973452580492,-12.738548439873497
Vac_85,85,Vac,dC_All_d,177.10030932413318,174.48122280000558,180.396247670568
Vac_85,85,Vac,dN_VacRZV_d,2,2,2
Vac_85,85,Vac,Thres20,63.72764900242639,50.312816741088575,77.11075722809737
Vac_85,85,Vac,Thres30,91.56540594322428,71.92052990755604,111.29128153064167
Vac_85,85,Vac,ICER,31866.52072836026,25586.200210116927,41349.5139817514
Vac_85,85,Vac1,N0,1,1,1
Vac_85,85,Vac1,AvtHZ,0.5764771146095632,0.4275647672224483,0.7138086940171607
Vac_85,85,Vac1,AvtDeath,0.7849006181331607,0.6501497086617837,0.8981900702831079
Vac_85,85,Vac1,dQ_HZ_d,0.004415893814265192,0.0032023948014441193,0.0057359735367620915
Vac_85,85,Vac1,dQ_Life_d,2.1069722703392912e-4,1.500055262050992e-4,2.7751394352617533e-4
Vac_85,85,Vac1,dQ_All_d,0.0046261001904701615,0.003367202623901999,0.006000051797953954
Vac_85,85,Vac1,dC_Vac_d,85,85,85
Vac_85,85,Vac1,dC_VacRZV_d,85,85,85
Vac_85,85,Vac1,dC_Med_d,-13.433847753319686,-17.563801400691986,-9.738976767113689
Vac_85,85,Vac1,dC_All_d,94.93158568561115,91.63098316429769,98.73029429531773
Vac_85,85,Vac1,dN_VacRZV_d,1,1,1
Vac_85,85,Vac1,Thres20,106.11102321606387,77.8278244854996,136.3659058772801
Vac_85,85,Vac1,Thres30,152.45405323381195,111.57133004895161,196.55857340933042
Vac_85,85,Vac1,ICER,20502.83150583609,15330.458858727447,29248.012811231387
Vac_86,86,Vac,N0,1,1,1
Vac_86,86,Vac,AvtHZ,0.7073982886497776,0.5726575901134072,0.8157176305416309
Vac_86,86,Vac,AvtDeath,0.8931586821354938,0.8017385228013125,0.9581954983515599
Vac_86,86,Vac,dQ_HZ_d,0.005046336491811285,0.003937170487876553,0.006199845105054655
Vac_86,86,Vac,dQ_Life_d,2.498437813849286e-4,1.910574799139253e-4,3.1442026460739566e-4
Vac_86,86,Vac,dQ_All_d,0.005303961146419844,0.004155102567198643,0.0064906232837520506
Vac_86,86,Vac,dC_Vac_d,170,170,170
Vac_86,86,Vac,dC_VacRZV_d,170,170,170
Vac_86,86,Vac,dC_Med_d,-16.07367545163547,-19.799382003656966,-12.507567716965129
Vac_86,86,Vac,dC_All_d,176.63184215599816,174.09998691779964,179.94685806014363
Vac_86,86,Vac,dN_VacRZV_d,2,2,2
Vac_86,86,Vac,Thres20,61.109981570758926,48.32921147947569,73.78395929626727
Vac_86,86,Vac,Thres30,87.64435038096576,69.10355493897889,106.45987901002164
Vac_86,86,Vac,ICER,33273.98838804844,26813.34124233376,43033.38907031119
Vac_86,86,Vac1,N0,1,1,1
Vac_86,86,Vac1,AvtHZ,0.5860319696304633,0.43384363753286037,0.7275184431363265
Vac_86,86,Vac1,AvtDeath,0.8020186941530234,0.6661425489558268,0.9048002022305575
Vac_86,86,Vac1,dQ_HZ_d,0.004226323810515187,0.00302300916059054,0.005514651815188218
Vac_86,86,Vac1,dQ_Life_d,2.0921180465904854e-4,1.475069745534352e-4,2.8142793454239974e-4
Vac_86,86,Vac1,dQ_All_d,0.004442951804523254,0.003195369216835231,0.00574599621632903
Vac_86,86,Vac1,dC_Vac_d,85,85,85
Vac_86,86,Vac1,dC_VacRZV_d,85,85,85
Vac_86,86,Vac1,dC_Med_d,-13.327119967896909,-17.30573510148245,-9.624853967393687
Vac_86,86,Vac1,dC_All_d,94.35791955516076,91.12188335617309,98.2127096690922
Vac_86,86,Vac1,dN_VacRZV_d,1,1,1
Vac_86,86,Vac1,Thres20,101.84637364184755,74.21470922647738,130.70182875864506
Vac_86,86,Vac1,Thres30,146.56102991950178,106.06364365228326,188.08488265306403
Vac_86,86,Vac1,ICER,21257.585461285664,15948.31242174496,30557.676351639795
Vac_87,87,Vac,N0,1,1,1
Vac_87,87,Vac,AvtHZ,0.7165587425370921,0.5794305848945612,0.8239387701523818
Vac_87,87,Vac,AvtDeath,0.9040911092598598,0.8125128257482946,0.9616840587291251
Vac_87,87,Vac,dQ_HZ_d,0.004801328110494923,0.003743112940391809,0.005870612035572109
Vac_87,87,Vac,dQ_Life_d,2.4291956346367272e-4,1.85656037205173e-4,3.093398034929695e-4
Vac_87,87,Vac,dQ_All_d,0.005038363103040844,0.003939336626135814,0.006181541121083622
Vac_87,87,Vac,dC_Vac_d,170,170,170
Vac_87,87,Vac,dC_VacRZV_d,170,170,170
Vac_87,87,Vac,dC_Med_d,-15.78090773145637,-19.55479540170083,-12.169730259068812
Vac_87,87,Vac,dC_All_d,176.21597219278527,173.77898210200337,179.47813823111673
Vac_87,87,Vac,dN_VacRZV_d,2,2,2
Vac_87,87,Vac,Thres20,58.39392305711444,46.09005759615621,70.51994091859112
Vac_87,87,Vac,Thres30,83.4959978247754,65.81175809829105,101.21821581543946
Vac_87,87,Vac,ICER,34954.077127009645,28214.520818546716,45270.26997520035
Vac_87,87,Vac1,N0,1,1,1
Vac_87,87,Vac1,AvtHZ,0.5946529484250085,0.4400249402634485,0.7386687393206256
Vac_87,87,Vac1,AvtDeath,0.8152462413211405,0.6769216843814341,0.9118586206548056
Vac_87,87,Vac1,dQ_HZ_d,0.0040321362447384235,0.0028932931664748616,0.005227188938490627
Vac_87,87,Vac1,dQ_Life_d,2.047746346884871e-4,1.437917982423098e-4,2.786852468870115e-4
Vac_87,87,Vac1,dQ_All_d,0.004232124355911804,0.003033547642953316,0.005477741736182805
Vac_87,87,Vac1,dC_Vac_d,85,85,85
Vac_87,87,Vac1,dC_VacRZV_d,85,85,85
Vac_87,87,Vac1,dC_Med_d,-13.178129027530748,-17.14245373789314,-9.376574771913505
Vac_87,87,Vac1,dC_All_d,93.84771773012864,90.62374278816002,97.67200425847108
Vac_87,87,Vac1,dN_VacRZV_d,1,1,1
Vac_87,87,Vac1,Thres20,97.77605993383725,70.79670451005877,124.95903755905447
Vac_87,87,Vac1,Thres30,140.1696199911156,101.04340835175849,180.4556623676037
Vac_87,87,Vac1,ICER,22174.295793354413,16644.377371584444,32018.192968418636
Vac_88,88,Vac,N0,1,1,1
Vac_88,88,Vac,AvtHZ,0.7236636954822988,0.5850248714967696,0.8354709957575807
Vac_88,88,Vac,AvtDeath,0.9121261650540364,0.820628355016492,0.9644665804408442
Vac_88,88,Vac,dQ_HZ_d,0.004552277973862466,0.0035436236732233244,0.005607895804350871
Vac_88,88,Vac,dQ_Life_d,2.3100849375579102e-4,1.760635020208623e-4,2.9760375898384427e-4
Vac_88,88,Vac,dQ_All_d,0.004786355163878042,0.0037420080316223677,0.005861051905543935
Vac_88,88,Vac,dC_Vac_d,170,170,170
Vac_88,88,Vac,dC_VacRZV_d,170,170,170
Vac_88,88,Vac,dC_Med_d,-15.352089012425328,-19.07367279006689,-11.91335071873844
Vac_88,88,Vac,dC_All_d,175.75196166102904,173.42178828334139,178.97942223999738
Vac_88,88,Vac,dN_VacRZV_d,2,2,2
Vac_88,88,Vac,Thres20,55.48645808749302,44.002875300989864,67.24835589923728
Vac_88,88,Vac,Thres30,79.4327859608055,62.642766043325665,96.53993915582109
Vac_88,88,Vac,ICER,36725.71674918947,29685.525764842376,47679.88368718422
Vac_88,88,Vac1,N0,1,1,1
Vac_88,88,Vac1,AvtHZ,0.6055867909609913,0.44451854854900597,0.7520207321218404
Vac_88,88,Vac1,AvtDeath,0.8300770938944853,0.6890074169183864,0.9193466867701212
Vac_88,88,Vac1,dQ_HZ_d,0.0038155842408202152,0.0027343349349701995,0.004968161176041079
Vac_88,88,Vac1,dQ_Life_d,1.9597683198568916e-4,1.3626974588420993e-4,2.6994989966768737e-4
Vac_88,88,Vac1,dQ_All_d,0.004009561938770112,0.002881522851236884,0.005202298754397038
Vac_88,88,Vac1,dC_Vac_d,85,85,85
Vac_88,88,Vac1,dC_VacRZV_d,85,85,85
Vac_88,88,Vac1,dC_Med_d,-12.820679479856427,-17.000791319854187,-9.268114941313566
Vac_88,88,Vac1,dC_All_d,93.25135994986503,90.20815993246643,97.01435428198707
Vac_88,88,Vac1,dN_VacRZV_d,1,1,1
Vac_88,88,Vac1,Thres20,93.17328184209245,67.19325254193568,120.34427106209506
Vac_88,88,Vac1,Thres30,133.28279923471382,96.139495290202,172.32392048194163
Vac_88,88,Vac1,ICER,23274.64355762613,17423.44368000821,33632.04573215598
Vac_89,89,Vac,N0,1,1,1
Vac_89,89,Vac,AvtHZ,0.7327973751361522,0.5882571249753382,0.845557916990757
Vac_89,89,Vac,AvtDeath,0.9200770399724949,0.8299547655983152,0.9673242752633654
Vac_89,89,Vac,dQ_HZ_d,0.004291692629401321,0.0033486630160062822,0.005273259833447865
Vac_89,89,Vac,dQ_Life_d,2.128996315420295e-4,1.6266621427482033e-4,2.763049154685282e-4
Vac_89,89,Vac,dQ_All_d,0.00450884637060911,0.003519551094901774,0.005511980589129306
Vac_89,89,Vac,dC_Vac_d,170,170,170
Vac_89,89,Vac,dC_VacRZV_d,170,170,170
Vac_89,89,Vac,dC_Med_d,-14.869761073450512,-18.597388009105643,-11.512608886103582
Vac_89,89,Vac,dC_All_d,175.33156376671909,173.10967061811232,178.44596593004096
Vac_89,89,Vac,dN_VacRZV_d,2,2,2
Vac_89,89,Vac,Thres20,52.57900926552608,41.36192907831919,63.510401144471494
Vac_89,89,Vac,Thres30,75.09607022881455,58.87356076144131,91.12367189093992
Vac_89,89,Vac,ICER,38915.72023678773,31573.89522849344,50558.08332585691
Vac_89,89,Vac1,N0,1,1,1
Vac_89,89,Vac1,AvtHZ,0.61425510156889,0.44588157166390313,0.7709962165491233
Vac_89,89,Vac1,AvtDeath,0.840515954477219,0.6929097035945803,0.9277957989748091
Vac_89,89,Vac1,dQ_HZ_d,0.0036163223612773036,0.00256323740013892,0.0047195324465109465
Vac_89,89,Vac1,dQ_Life_d,1.8114731598495304e-4,1.2574427541041098e-4,2.5211862838538936e-4
Vac_89,89,Vac1,dQ_All_d,0.0037956173692497153,0.0026936033530429505,0.004951492737505336
Vac_89,89,Vac1,dC_Vac_d,85,85,85
Vac_89,89,Vac1,dC_VacRZV_d,85,85,85
Vac_89,89,Vac1,dC_Med_d,-12.492357488327023,-16.705552239346698,-8.906970483696691
Vac_89,89,Vac1,dC_All_d,92.71099112750514,89.64039509592143,96.4279544656406
Vac_89,89,Vac1,dN_VacRZV_d,1,1,1
Vac_89,89,Vac1,Thres20,88.4341798222913,63.256489572351846,114.19520143845402
Vac_89,89,Vac1,Thres30,126.50823586319137,90.11960969902303,163.71518450189717
Vac_89,89,Vac1,ICER,24419.406629114725,18187.811663881777,35703.78067441802
Vac_90,90,Vac,N0,1,1,1
Vac_90,90,Vac,AvtHZ,0.7405850997397704,0.5911713500639614,0.8575000764393479
Vac_90,90,Vac,AvtDeath,0.9262093333027358,0.8305386496454664,0.9703158665447563
Vac_90,90,Vac,dQ_HZ_d,0.004025878011405271,0.0031276394348572,0.0049798684872748465
Vac_90,90,Vac,dQ_Life_d,1.8644933100508965e-4,1.420637645903944e-4,2.4216239718278796e-4
Vac_90,90,Vac,dQ_All_d,0.004219353705013029,0.003267182802646351,0.005182962050891549
Vac_90,90,Vac,dC_Vac_d,170,170,170
Vac_90,90,Vac,dC_VacRZV_d,170,170,170
Vac_90,90,Vac,dC_Med_d,-14.272081762116414,-17.99145327900547,-10.933716060446645
Vac_90,90,Vac,dC_All_d,174.89086959307286,172.73200978726783,178.07670103706556
Vac_90,90,Vac,dN_VacRZV_d,2,2,2
Vac_90,90,Vac,Thres20,49.380410425007845,38.641921742091505,59.64652585259969
Vac_90,90,Vac,Thres30,70.4534294217373,55.13963122636282,85.44824835056768
Vac_90,90,Vac,ICER,41465.246258620566,33497.80394693849,54298.488634532536
Vac_90,90,Vac1,N0,1,1,1
Vac_90,90,Vac1,AvtHZ,0.6225189007977037,0.4514154504433675,0.7856635572439732
Vac_90,90,Vac1,AvtDeath,0.8488382908873657,0.6966918563129426,0.9351265217830375
Vac_90,90,Vac1,dQ_HZ_d,0.0033940781709677352,0.002405669814636504,0.004460441598476545
Vac_90,90,Vac1,dQ_Life_d,1.5853568431567489e-4,1.0972246143776677e-4,2.2273524581483127e-4
Vac_90,90,Vac1,dQ_All_d,0.003558478135968768,0.0025147821584686316,0.004653397555635141
Vac_90,90,Vac1,dC_Vac_d,85,85,85
Vac_90,90,Vac1,dC_VacRZV_d,85,85,85
Vac_90,90,Vac1,dC_Med_d,-11.966011290085577,-16.082243857821318,-8.462835348862772
Vac_90,90,Vac1,dC_All_d,92.15187357347304,89.1139142365467,95.92798458962253
Vac_90,90,Vac1,dN_VacRZV_d,1,1,1
Vac_90,90,Vac1,Thres20,83.26372221017812,59.20212463102409,107.98316692952889
Vac_90,90,Vac1,Thres30,119.00063608049831,84.46064952871612,154.25144494142486
Vac_90,90,Vac1,ICER,25884.130049028077,19324.197916499048,37967.85082738183
Vac_91,91,Vac,N0,1,1,1
Vac_91,91,Vac,AvtHZ,0.7486247817775746,0.5970177072099065,0.8684480858888862
Vac_91,91,Vac,AvtDeath,0.9319129490115305,0.8365867123538481,0.9744386330914452
Vac_91,91,Vac,dQ_HZ_d,0.0037618745612009686,0.0029108157027355414,0.004640344598934029
Vac_91,91,Vac,dQ_Life_d,1.6166269919448695e-4,1.228039229865696e-4,2.1063008349346822e-4
Vac_91,91,Vac,dQ_All_d,0.003922337152220345,0.0030371593817262177,0.0048292610000868035
Vac_91,91,Vac,dC_Vac_d,170,170,170
Vac_91,91,Vac,dC_VacRZV_d,170,170,170
Vac_91,91,Vac,dC_Med_d,-13.640705957376134,-17.42303414987363,-10.52928492692702
Vac_91,91,Vac,dC_All_d,174.47397598903984,172.3560855605475,177.56396254962948
Vac_91,91,Vac,dN_VacRZV_d,2,2,2
Vac_91,91,Vac,Thres20,46.13495859162073,35.908349000656344,56.19270761592079
Vac_91,91,Vac,Thres30,65.77878081024136,50.99552002069278,80.30120943924824
Vac_91,91,Vac,ICER,44415.41612962459,35855.385499317956,58261.883524790734
Vac_91,91,Vac1,N0,1,1,1
Vac_91,91,Vac1,AvtHZ,0.6327341248734575,0.45518539780223255,0.7977330474128641
Vac_91,91,Vac1,AvtDeath,0.8573350349960746,0.703189678728557,0.9434436144920977
Vac_91,91,Vac1,dQ_HZ_d,0.0031780985744860454,0.002253224978720812,0.004200772529106098
Vac_91,91,Vac1,dQ_Life_d,1.3768935784042036e-4,9.49892048350276e-5,1.948279495076366e-4
Vac_91,91,Vac1,dQ_All_d,0.0033174618886637752,0.0023469152240053748,0.004377738392176688
Vac_91,91,Vac1,dC_Vac_d,85,85,85
Vac_91,91,Vac1,dC_VacRZV_d,85,85,85
Vac_91,91,Vac1,dC_Med_d,-11.526816032053139,-15.611599459315116,-8.098385286034762
Vac_91,91,Vac1,dC_All_d,91.61371777743558,88.577055408727,95.30763180649438
Vac_91,91,Vac1,dN_VacRZV_d,1,1,1
Vac_91,91,Vac1,Thres20,77.99592704354427,55.50625282727218,102.47568446002754
Vac_91,91,Vac1,Thres30,111.30924394377531,78.75925424364436,146.0466142577696
Vac_91,91,Vac1,ICER,27644.229440279985,20526.632354576806,40363.287132463556
Vac_92,92,Vac,N0,1,1,1
Vac_92,92,Vac,AvtHZ,0.7568585485498547,0.5991547645777339,0.8793322184622432
Vac_92,92,Vac,AvtDeath,0.9367587786539411,0.8393676785595098,0.9792437540310425
Vac_92,92,Vac,dQ_HZ_d,0.003518303435321956,0.00270772472310377,0.004348195199303394
Vac_92,92,Vac,dQ_Life_d,1.38130991202301e-4,1.0448040731748655e-4,1.804762806360882e-4
Vac_92,92,Vac,dQ_All_d,0.0036551262711750354,0.002818392849535711,0.0045099874547190775
Vac_92,92,Vac,dC_Vac_d,170,170,170
Vac_92,92,Vac,dC_VacRZV_d,170,170,170
Vac_92,92,Vac,dC_Med_d,-12.904224869990102,-16.65153249635128,-9.773434091457885
Vac_92,92,Vac,dC_All_d,174.10754128039855,171.99085810019596,177.06832603185197
Vac_92,92,Vac,dN_VacRZV_d,2,2,2
Vac_92,92,Vac,Thres20,43.088046873422414,33.56022050689922,52.46120151513658
Vac_92,92,Vac,Thres30,61.34407817879059,47.65746390749635,74.80479994255855
Vac_92,92,Vac,ICER,47672.467937447975,38170.206003022446,62785.564142485404
Vac_92,92,Vac1,N0,1,1,1
Vac_92,92,Vac1,AvtHZ,0.6401651083857701,0.4570424797995753,0.8095784560404657
Vac_92,92,Vac1,AvtDeath,0.865607946734407,0.705272754887963,0.9502538146652296
Vac_92,92,Vac1,dQ_HZ_d,0.002978982432937035,0.002089672657518855,0.00395098878610949
Vac_92,92,Vac1,dQ_Life_d,1.1785510796857857e-4,8.110538205501339e-5,1.6798172363730046e-4
Vac_92,92,Vac1,dQ_All_d,0.0031011595984893336,0.0021791720931579437,0.004102673456088246
Vac_92,92,Vac1,dC_Vac_d,85,85,85
Vac_92,92,Vac1,dC_VacRZV_d,85,85,85
Vac_92,92,Vac1,dC_Med_d,-10.952851600624514,-15.09970880130114,-7.600882731011185
Vac_92,92,Vac1,dC_All_d,91.09040708460674,88.14488923688387,94.68342421972999
Vac_92,92,Vac1,dN_VacRZV_d,1,1,1
Vac_92,92,Vac1,Thres20,73.00885164366656,51.42208211865618,95.56029180805548
Vac_92,92,Vac1,Thres30,104.0586933434455,73.17530386284938,136.4595198784353
Vac_92,92,Vac1,ICER,29407.679519333462,21641.527523433644,43574.469236754514
Vac_93,93,Vac,N0,1,1,1
Vac_93,93,Vac,AvtHZ,0.7636049502980651,0.6011264273481058,0.8889221750208688
Vac_93,93,Vac,AvtDeath,0.9414165303740527,0.8407219038825305,0.9821706614816493
Vac_93,93,Vac,dQ_HZ_d,0.003258694849865844,0.0025106464265578113,0.004045909917641448
Vac_93,93,Vac,dQ_Life_d,1.1577691517716815e-4,8.711735801686382e-5,1.5151982912543495e-4
Vac_93,93,Vac,dQ_All_d,0.003373871067427814,0.0025999208060898506,0.004171983914424227
Vac_93,93,Vac,dC_Vac_d,170,170,170
Vac_93,93,Vac,dC_VacRZV_d,170,170,170
Vac_93,93,Vac,dC_Med_d,-12.214016733092057,-15.78118199697905,-9.09000757818975
Vac_93,93,Vac,dC_All_d,173.7348783258079,171.73300434979095,176.57272613455817
Vac_93,93,Vac,dN_VacRZV_d,2,2,2
Vac_93,93,Vac,Thres20,39.85955612826467,31.12119913431965,48.981308149854605
Vac_93,93,Vac,Thres30,56.71609457605655,44.11981246148471,69.73356643232738
Vac_93,93,Vac,ICER,51439.58229080353,41202.48223744219,67710.89439305008
Vac_93,93,Vac1,N0,1,1,1
Vac_93,93,Vac1,AvtHZ,0.648301279887237,0.4609289001856078,0.8231942195063784
Vac_93,93,Vac1,AvtDeath,0.8717397380606426,0.7077276317773024,0.9588114641810224
Vac_93,93,Vac1,dQ_HZ_d,0.002771372041400215,0.0019453935478216176,0.003701078691292886
Vac_93,93,Vac1,dQ_Life_d,9.913301043851241e-5,6.783355967282523e-5,1.4155712501915386e-4
Vac_93,93,Vac1,dQ_All_d,0.0028795622355981543,0.002021969430497583,0.003833890001978335
Vac_93,93,Vac1,dC_Vac_d,85,85,85
Vac_93,93,Vac1,dC_VacRZV_d,85,85,85
Vac_93,93,Vac1,dC_Med_d,-10.333048773223014,-14.408391935886382,-7.174333558063408
Vac_93,93,Vac1,dC_All_d,90.58249779172198,87.77251877994641,94.02289044755845
Vac_93,93,Vac1,dN_VacRZV_d,1,1,1
Vac_93,93,Vac1,Thres20,68.04598008809464,48.06907599576842,89.90228095156148
Vac_93,93,Vac1,Thres30,96.75617248589458,68.48458029829706,128.38409149066143
Vac_93,93,Vac1,ICER,31538.027895693675,23131.43135919347,46797.60145489959
Vac_94,94,Vac,N0,1,1,1
Vac_94,94,Vac,AvtHZ,0.7709902767779002,0.6059422748038369,0.8996409307212168
Vac_94,94,Vac,AvtDeath,0.9452954052665763,0.8435416827038813,0.9859500614235169
Vac_94,94,Vac,dQ_HZ_d,0.0030141896573397144,0.0023000211831279514,0.0037415483988169048
Vac_94,94,Vac,dQ_Life_d,9.41397499381047e-5,7.052369030993156e-5,1.231107284974664e-4
Vac_94,94,Vac,dQ_All_d,0.0031103841364163998,0.0023846134026929253,0.00386077325587596
Vac_94,94,Vac,dC_Vac_d,170,170,170
Vac_94,94,Vac,dC_VacRZV_d,170,170,170
Vac_94,94,Vac,dC_Med_d,-11.405576470362975,-14.89268506428879,-8.35464986726185
Vac_94,94,Vac,dC_All_d,173.38736235136662,171.477273208162,176.1666432583721
Vac_94,94,Vac,dN_VacRZV_d,2,2,2
Vac_94,94,Vac,Thres20,36.83393759682993,28.48415190366558,44.89964261466685
Vac_94,94,Vac,Thres30,52.488663560896114,40.28585350351053,64.3787676348886
Vac_94,94,Vac,ICER,55778.76016423927,44529.18500180209,73751.70311234971
Vac_94,94,Vac1,N0,1,1,1
Vac_94,94,Vac1,AvtHZ,0.6571136091741988,0.467920396112283,0.8378024983585701
Vac_94,94,Vac1,AvtDeath,0.879150564600962,0.7114515012533312,0.966083031620277
Vac_94,94,Vac1,dQ_HZ_d,0.002571011903854636,0.001786339124987397,0.0034660904348514333
Vac_94,94,Vac1,dQ_Life_d,8.057305963760086e-5,5.5143770996013415e-5,1.1535471984925882e-4
Vac_94,94,Vac1,dQ_All_d,0.0026523601105488126,0.001838822347865654,0.0035724273780050053
Vac_94,94,Vac1,dC_Vac_d,85,85,85
Vac_94,94,Vac1,dC_VacRZV_d,85,85,85
Vac_94,94,Vac1,dC_Med_d,-9.673852404257858,-13.742921254209381,-6.506782959085623
Vac_94,94,Vac1,dC_All_d,90.10179973872016,87.38592802775578,93.41703155240118
Vac_94,94,Vac1,dN_VacRZV_d,1,1,1
Vac_94,94,Vac1,Thres20,62.75521948167045,43.86227489700313,83.41455526737299
Vac_94,94,Vac1,Thres30,89.14523123982002,62.57891780107943,118.89014249036332
Vac_94,94,Vac1,ICER,33954.809438925295,24625.41886583881,50406.60158257336
Vac_95,95,Vac,N0,1,1,1
Vac_95,95,Vac,AvtHZ,0.7779568041567061,0.6160864174748759,0.9093363681417534
Vac_95,95,Vac,AvtDeath,0.9496365558969716,0.8462264870584713,0.9898140962673531
Vac_95,95,Vac,dQ_HZ_d,0.0027578377368545834,0.0021037310674106822,0.0034297859769542895
Vac_95,95,Vac,dQ_Life_d,7.286816317164657e-5,5.456520519862007e-5,9.579102746604118e-5
Vac_95,95,Vac,dQ_All_d,0.002833764703946473,0.0021582649088696783,0.0035128548813912253
Vac_95,95,Vac,dC_Vac_d,170,170,170
Vac_95,95,Vac,dC_VacRZV_d,170,170,170
Vac_95,95,Vac,dC_Med_d,-10.531220911204112,-13.874967252201943,-7.767867633324113
Vac_95,95,Vac,dC_All_d,173.01309765960372,171.23555909320223,175.73369687816432
Vac_95,95,Vac,dN_VacRZV_d,2,2,2
Vac_95,95,Vac,Thres20,33.62955674550538,25.880413176020472,41.32011649087215
Vac_95,95,Vac,Thres30,47.80940030094787,36.80900959491241,58.69038338429391
Vac_95,95,Vac,ICER,61083.33695823814,49010.29354920422,81141.98097626977
Vac_95,95,Vac1,N0,1,1,1
Vac_95,95,Vac1,AvtHZ,0.6648736404085641,0.47651527623679996,0.8518140839111195
Vac_95,95,Vac1,AvtDeath,0.8863747969663298,0.7204711892671347,0.974213351205543
Vac_95,95,Vac1,dQ_HZ_d,0.0023521089596370477,0.0016273943172241232,0.0031783389662849194
Vac_95,95,Vac1,dQ_Life_d,6.261208065017065e-5,4.272397570020958e-5,8.973772501894572e-5
Vac_95,95,Vac1,dQ_All_d,0.002415081194559132,0.0016793352223230197,0.0032789519667786866
Vac_95,95,Vac1,dC_Vac_d,85,85,85
Vac_95,95,Vac1,dC_VacRZV_d,85,85,85
Vac_95,95,Vac1,dC_Med_d,-8.963373424986084,-12.727547827465092,-6.014548055311479
Vac_95,95,Vac1,dC_All_d,89.55406957204153,87.02221645210258,92.91414350476099
Vac_95,95,Vac1,dN_VacRZV_d,1,1,1
Vac_95,95,Vac1,Thres20,57.35186006717086,40.31444560145188,76.57798329461495
Vac_95,95,Vac1,Thres30,81.4804933224894,57.084526403058824,109.97153680365055
Vac_95,95,Vac1,ICER,37044.32873572282,26660.501761726173,54969.87911371896
Vac_96,96,Vac,N0,1,1,1
Vac_96,96,Vac,AvtHZ,0.7852308868313176,0.6186039118466782,0.9182765081432986
Vac_96,96,Vac,AvtDeath,0.9531686404858453,0.8545525886479134,0.992514875686111
Vac_96,96,Vac,dQ_HZ_d,0.0024977600921210854,0.00190301328186776,0.0031269986705809785
Vac_96,96,Vac,dQ_Life_d,5.2150530658323646e-5,3.898470223089312e-5,6.871227561484616e-5
Vac_96,96,Vac,dQ_All_d,0.002548314347213587,0.0019445378189183239,0.0031870112315669826
Vac_96,96,Vac,dC_Vac_d,170,170,170
Vac_96,96,Vac,dC_VacRZV_d,170,170,170
Vac_96,96,Vac,dC_Med_d,-9.593517364921581,-12.927854749060263,-6.9566595314982616
Vac_96,96,Vac,dC_All_d,172.67503540963537,170.9942067804539,175.02619787803195
Vac_96,96,Vac,dN_VacRZV_d,2,2,2
Vac_96,96,Vac,Thres20,30.3403250545883,23.460895272179876,37.40658911435275
Vac_96,96,Vac,Thres30,43.0721809619459,33.09012329972583,53.325678089233456
Vac_96,96,Vac,ICER,67811.32602611993,53768.95783767383,89726.44666146467
Vac_96,96,Vac1,N0,1,1,1
Vac_96,96,Vac1,AvtHZ,0.6734985511919562,0.4773567808926213,0.8639983896302257
Vac_96,96,Vac1,AvtDeath,0.8922010409720363,0.7268708255690793,0.9796126049371683
Vac_96,96,Vac1,dQ_HZ_d,0.0021351716366199164,0.0014786623070915472,0.0029295353332285507
Vac_96,96,Vac1,dQ_Life_d,4.478957672926498e-5,3.050356535427845e-5,6.44412046568954e-5
Vac_96,96,Vac1,dQ_All_d,0.0021810505557910975,0.0015106755992535525,0.0029814840908852225
Vac_96,96,Vac1,dC_Vac_d,85,85,85
Vac_96,96,Vac1,dC_VacRZV_d,85,85,85
Vac_96,96,Vac1,dC_Med_d,-8.198688255831732,-11.613430548850168,-5.49017349223914
Vac_96,96,Vac1,dC_All_d,89.05981702284456,86.63072297552586,92.03694596905495
Vac_96,96,Vac1,dN_VacRZV_d,1,1,1
Vac_96,96,Vac1,Thres20,52.034470164720176,36.45029078136932,69.95864370497516
Vac_96,96,Vac1,Thres30,73.8917588262172,51.52024902804426,99.45189095219037
Vac_96,96,Vac1,ICER,40866.87251769108,29185.841764252862,61001.67142031488
Vac_97,97,Vac,N0,1,1,1
Vac_97,97,Vac,AvtHZ,0.7899797389664199,0.6203849200344241,0.9242962272780783
Vac_97,97,Vac,AvtDeath,0.9557204546938856,0.8558953740059664,0.9938914533472586
Vac_97,97,Vac,dQ_HZ_d,0.0022137195958560293,0.0016854186788651019,0.0027726436607548683
Vac_97,97,Vac,dQ_Life_d,3.20233731030406e-5,2.393731273128141e-5,4.251941030012363e-5
Vac_97,97,Vac,dQ_All_d,0.0022459724884626997,0.0017126628563829181,0.0028074347671860345
Vac_97,97,Vac,dC_Vac_d,170,170,170
Vac_97,97,Vac,dC_VacRZV_d,170,170,170
Vac_97,97,Vac,dC_Med_d,-8.459659308041843,-11.400603979754507,-6.178244132557212
Vac_97,97,Vac,dC_All_d,172.31940002665925,170.79968716445984,174.46168532388924
Vac_97,97,Vac,dN_VacRZV_d,2,2,2
Vac_97,97,Vac,Thres20,26.67634092348628,20.579741521334984,33.1367927991941
Vac_97,97,Vac,Thres30,37.895717255463154,29.15361437863696,47.14854742556209
Vac_97,97,Vac,ICER,76761.2436935608,61007.96687618171,101977.46318269089
Vac_97,97,Vac1,N0,1,1,1
Vac_97,97,Vac1,AvtHZ,0.6792904869087885,0.4792345785603376,0.8760373128805499
Vac_97,97,Vac1,AvtDeath,0.8970189947557152,0.728807730677967,0.9830478648315459
Vac_97,97,Vac1,dQ_HZ_d,0.00189553108249683,0.0013146275738080886,0.0025729051177996575
Vac_97,97,Vac1,dQ_Life_d,2.754509833224894e-5,1.8668662773735357e-5,3.9708304320407165e-5
Vac_97,97,Vac1,dQ_All_d,0.0019249825875449211,0.001333089249501729,0.002615246343226429
Vac_97,97,Vac1,dC_Vac_d,85,85,85
Vac_97,97,Vac1,dC_VacRZV_d,85,85,85
Vac_97,97,Vac1,dC_Med_d,-7.212106904283921,-10.44314219147712,-4.837278055879427
Vac_97,97,Vac1,dC_All_d,88.5340923327563,86.32865125464777,91.15934260167319
Vac_97,97,Vac1,dN_VacRZV_d,1,1,1
Vac_97,97,Vac1,Thres20,45.797227433345,31.93164161367475,62.06506092079022
Vac_97,97,Vac1,Thres30,65.01046958933604,45.33479388709014,87.95224116133336
Vac_97,97,Vac1,ICER,46044.24574401292,33122.150892507736,67806.68618376734
Vac_98,98,Vac,N0,1,1,1
Vac_98,98,Vac,AvtHZ,0.7937123581692798,0.620396880720213,0.932298928340108
Vac_98,98,Vac,AvtDeath,0.9574490561722742,0.8559031169635772,0.9950716295779755
Vac_98,98,Vac,dQ_HZ_d,0.0018824699249565743,0.0014297197265942386,0.0023676682886279235
Vac_98,98,Vac,dQ_Life_d,1.3532776890312626e-5,1.0116897515061174e-5,1.8023140747058797e-5
Vac_98,98,Vac,dQ_All_d,0.0018952475034602623,0.0014412951002262307,0.002383289101254704
Vac_98,98,Vac,dC_Vac_d,170,170,170
Vac_98,98,Vac,dC_VacRZV_d,170,170,170
Vac_98,98,Vac,dC_Med_d,-7.186673278863646,-10.028701703487936,-5.038129236535452
Vac_98,98,Vac,dC_All_d,171.9016701052034,170.59137499485544,173.77080551664196
Vac_98,98,Vac,dN_VacRZV_d,2,2,2
Vac_98,98,Vac,Thres20,22.61451591854764,17.11385345322707,28.39871776470366
Vac_98,98,Vac,Thres30,32.154059109460135,24.420716857091563,40.09986226784997
Vac_98,98,Vac,ICER,90916.85815047563,71787.98252000054,120167.41137848112
Vac_98,98,Vac1,N0,1,1,1
Vac_98,98,Vac1,AvtHZ,0.6842106110727293,0.4792472313570758,0.8858169622185529
Vac_98,98,Vac1,AvtDeath,0.9002866596470711,0.7288189530678981,0.9860229729893316
Vac_98,98,Vac1,dQ_HZ_d,0.0016107408754331876,0.0010964426911752308,0.0022199144987416633
Vac_98,98,Vac1,dQ_Life_d,1.1668326406089058e-5,7.879858162651575e-6,1.6937602760513923e-5
Vac_98,98,Vac1,dQ_All_d,0.001622858870546362,0.0011064715604209019,0.0022384821838458023
Vac_98,98,Vac1,dC_Vac_d,85,85,85
Vac_98,98,Vac1,dC_VacRZV_d,85,85,85
Vac_98,98,Vac1,dC_Med_d,-6.175507994409439,-9.290484928068524,-4.038727484246788
Vac_98,98,Vac1,dC_All_d,87.89651783290552,85.99831899868347,90.2781675538475
Vac_98,98,Vac1,dN_VacRZV_d,1,1,1
Vac_98,98,Vac1,Thres20,38.87792328885116,26.607892795987592,53.019413192977744
Vac_98,98,Vac1,Thres30,55.10411790549999,38.01181882053536,75.03805546640871
Vac_98,98,Vac1,ICER,54147.46821263677,38660.08376402639,81012.49508011919
Vac_99,99,Vac,N0,1,1,1
Vac_99,99,Vac,AvtHZ,0.7964056309455918,0.6204048534057769,0.938673518728167
Vac_99,99,Vac,AvtDeath,0.958491740050903,0.85590780046141135,0.9961836147010388
Vac_99,99,Vac,dQ_HZ_d,0.001463931546007376,0.0011059310903541828,0.0018560649829543875
Vac_99,99,Vac,dQ_Life_d,0,0,0
Vac_99,99,Vac,dQ_All_d,0.0014639315460073243,0.00110593109035399,0.0018560649829543695
Vac_99,99,Vac,dC_Vac_d,170,170,170
Vac_99,99,Vac,dC_VacRZV_d,170,170,170
Vac_99,99,Vac,dC_Med_d,-5.589969028704605,-8.221450566991331,-3.808337685105682
Vac_99,99,Vac,dC_All_d,171.45462689753492,170.41326239811468,172.99479116509983
Vac_99,99,Vac,dN_VacRZV_d,2,2,2
Vac_99,99,Vac,Thres20,17.451956747673492,13.270592030697355,22.006332813371422
Vac_99,99,Vac,Thres30,24.756315751693776,18.834211296861408,31.22928528120695
Vac_99,99,Vac,ICER,117202.202137266,91856.44943850159,155950.20597549967
Vac_99,99,Vac1,N0,1,1,1
Vac_99,99,Vac1,AvtHZ,0.6877643666911579,0.47925567404021496,0.8960420059116893
Vac_99,99,Vac1,AvtDeath,0.9023921748714034,0.7288257522635101,0.989071572209719
Vac_99,99,Vac1,dQ_HZ_d,0.001259528639934911,8.613737836660813e-4,0.0017549184805463742
Vac_99,99,Vac1,dQ_Life_d,0,0,0
Vac_99,99,Vac1,dQ_All_d,0.001259528639934837,8.613737836659474e-4,0.0017549184805464523
Vac_99,99,Vac1,dC_Vac_d,85,85,85
Vac_99,99,Vac1,dC_VacRZV_d,85,85,85
Vac_99,99,Vac1,dC_Med_d,-4.843896525197854,-7.67465775654932,-3.0517749506016463
Vac_99,99,Vac1,dC_All_d,87.22912333657058,85.69745459606564,89.21684839924076
Vac_99,99,Vac1,dN_VacRZV_d,1,1,1
Vac_99,99,Vac1,Thres20,30.222792191081854,20.70583573036225,41.55287526576737
Vac_99,99,Vac1,Thres30,42.807055630891966,29.390286403671002,58.76156301421923
Vac_99,99,Vac1,ICER,69487.91945207861,48971.07499462801,103488.09606443344
